Date,Time,°C,kPa,DO %,DO mg/L,SPC-mS/cm,C-mS/cm,TDS mg/L,SAL-ppt,pH,FNU,NTU,BGA-PC RFU,BGA-PC ug/L,Chl RFU,Chl ug/L,DEP m,ALT m,Lat,Lon
6/16/2019,14:28:21,11.814,101.18,92.1,7.97,53.738,40.211,34929.75,35.38,7.82,0.81,0.81,0.431,0.51,1.656,6.67,3.135,34.4,38.25029,-123.00971
6/16/2019,14:28:26,11.882,101.18,92.2,7.98,53.712,40.254,34912.703,35.36,7.82,0.68,0.68,0.399,0.48,1.031,4.17,3.029,34.5,38.25029,-123.0097
6/16/2019,14:28:31,11.856,101.17,92.3,7.98,53.761,40.264,34944.609,35.4,7.82,0.54,0.54,0.543,0.62,1.286,5.19,3.06,-1.5,38.25044,-123.00952
6/16/2019,14:28:36,11.763,101.19,92,7.98,53.832,40.224,34990.586,35.44,7.82,0.66,0.66,0.435,0.51,1.251,5.05,3.216,-8.1,38.25042,-123.00949
6/16/2019,14:28:41,11.785,101.19,91.8,7.96,53.792,40.215,34964.832,35.42,7.81,0.65,0.65,0.457,0.54,1.269,5.12,3.066,-9.7,38.25042,-123.00949
6/16/2019,14:28:46,11.747,101.17,91.5,7.93,53.818,40.195,34981.758,35.43,7.81,0.54,0.54,0.465,0.54,1.244,5.02,3.272,-9,38.25044,-123.00948
6/16/2019,14:28:51,11.846,101.19,91.8,7.94,53.777,40.265,34954.813,35.41,7.81,0.6,0.6,0.565,0.64,1.353,5.46,3.11,-9.5,38.25046,-123.00945
6/16/2019,14:28:56,11.749,101.18,91.7,7.95,53.828,40.206,34988.023,35.44,7.81,0.6,0.6,0.535,0.61,1.244,5.02,3.155,-9.6,38.25046,-123.00944
6/16/2019,14:29:01,11.717,101.18,91.3,7.92,53.838,40.179,34994.391,35.45,7.81,0.63,0.63,0.581,0.66,0.91,3.69,3.239,-8.6,38.25046,-123.00942
6/16/2019,14:29:06,11.677,101.19,90.9,7.89,53.87,40.162,35015.805,35.47,7.81,0.51,0.51,0.559,0.64,1.446,5.83,3.23,-8.4,38.25046,-123.00941
6/16/2019,14:29:11,11.597,101.19,90.1,7.84,53.923,40.114,35050.203,35.5,7.8,0.6,0.6,0.624,0.7,0.923,3.74,3.269,-8.7,38.25047,-123.00939
6/16/2019,14:29:16,11.65,101.2,89.6,7.78,53.873,40.136,35017.66,35.47,7.8,0.44,0.44,0.681,0.76,1.073,4.34,3.393,-9.5,38.25047,-123.00937
6/16/2019,14:29:21,11.65,101.19,89.3,7.76,53.893,40.151,35030.395,35.48,7.8,0.58,0.58,0.391,0.47,1.029,4.16,3.169,-8.8,38.25047,-123.00935
6/16/2019,14:29:26,11.58,101.18,88.7,7.72,53.927,40.099,35052.332,35.5,7.79,0.5,0.5,0.632,0.71,1.109,4.48,3.137,-8.4,38.25047,-123.00932
6/16/2019,14:29:31,11.553,101.17,88.1,7.67,53.931,40.08,35055.473,35.51,7.79,0.54,0.54,0.579,0.66,0.983,3.98,3.197,-8.2,38.25047,-123.00931
6/16/2019,14:29:36,11.495,101.18,87.5,7.63,54.008,40.067,35105.145,35.56,7.79,0.56,0.56,0.523,0.6,0.738,3,3.151,-8.1,38.25047,-123.00931
6/16/2019,14:29:41,11.554,101.18,87.3,7.6,53.937,40.085,35058.73,35.51,7.79,0.53,0.53,0.519,0.6,1.204,4.86,3.132,-7.9,38.25047,-123.00929
6/16/2019,14:29:46,11.569,101.18,87.2,7.59,53.926,40.093,35052.047,35.5,7.79,0.62,0.62,0.721,0.8,0.821,3.33,3.113,-9.2,38.25046,-123.00927
6/16/2019,14:29:51,11.582,101.18,87.3,7.6,53.931,40.109,35055.066,35.51,7.79,0.56,0.56,0.622,0.7,0.889,3.6,3.133,-8.7,38.25047,-123.00925
6/16/2019,14:29:56,11.546,101.18,87.5,7.61,53.933,40.074,35056.234,35.51,7.79,0.6,0.6,0.547,0.63,1.259,5.08,3.401,-10.1,38.25047,-123.00923
6/16/2019,14:30:01,11.573,101.19,87.2,7.59,53.904,40.089,35037.777,35.49,7.78,0.51,0.51,0.514,0.59,0.949,3.84,3.147,-10.4,38.25046,-123.00921
6/16/2019,14:30:06,11.45,101.19,86.7,7.56,53.98,40.009,35086.883,35.54,7.78,0.5,0.5,0.439,0.52,0.774,3.14,3.252,-9.4,38.25047,-123.0092
6/16/2019,14:30:11,11.391,101.2,85.8,7.49,54.016,39.977,35110.547,35.56,7.78,0.43,0.43,0.546,0.63,0.859,3.48,3.243,-9.4,38.25046,-123.00919
6/16/2019,14:30:16,11.358,101.18,85.2,7.44,54.035,39.955,35122.531,35.57,7.78,0.56,0.56,0.425,0.5,0.771,3.13,3.379,-9.4,38.25046,-123.00918
6/16/2019,14:30:21,11.433,101.19,84.9,7.4,54.008,40.012,35104.934,35.55,7.77,0.55,0.55,0.448,0.53,0.861,3.49,3.251,-9.5,38.25045,-123.00916
6/16/2019,14:30:26,11.523,101.2,85,7.4,53.949,40.062,35066.73,35.52,7.77,0.55,0.55,0.525,0.61,1.119,4.52,3.003,-9.1,38.25045,-123.00914
6/16/2019,14:30:31,11.513,101.19,85.1,7.41,53.959,40.059,35073.207,35.52,7.77,0.55,0.55,0.528,0.61,0.825,3.35,2.948,-7.7,38.25045,-123.00912
6/16/2019,14:30:36,11.525,101.2,85.3,7.43,53.956,40.068,35071.641,35.52,7.77,0.54,0.54,0.462,0.54,1.236,4.99,2.965,-7.9,38.25045,-123.00909
6/16/2019,14:30:41,11.442,101.18,85.1,7.42,54.007,40.022,35104.309,35.55,7.77,0.66,0.66,0.483,0.56,0.629,2.56,3.048,-7,38.25046,-123.00909
6/16/2019,14:30:46,11.507,101.18,85,7.4,53.965,40.057,35077.086,35.53,7.77,0.49,0.49,0.516,0.6,0.753,3.06,3.272,-7.5,38.25045,-123.00906
6/16/2019,14:30:51,11.523,101.18,85.2,7.42,53.958,40.069,35072.848,35.52,7.77,0.62,0.62,0.629,0.71,0.761,3.09,3.132,-7.3,38.25046,-123.00904
6/16/2019,14:30:56,11.423,101.17,85,7.42,54.021,40.012,35113.668,35.56,7.76,0.55,0.55,0.497,0.58,1.021,4.13,3.283,-7.7,38.25046,-123.00903
6/16/2019,14:31:01,11.451,101.19,84.8,7.39,53.993,40.029,35095.531,35.55,7.76,0.49,0.49,0.545,0.63,0.948,3.84,3.239,-8.4,38.25045,-123.00901
6/16/2019,14:31:06,11.503,101.18,84.7,7.37,53.967,40.055,35078.52,35.53,7.76,0.46,0.46,0.5,0.58,0.807,3.27,3.104,-7.6,38.25045,-123.00901
6/16/2019,14:31:11,11.428,101.17,84.4,7.36,54.012,40.016,35108.043,35.56,7.76,0.5,0.5,0.485,0.56,0.976,3.95,3.303,-7.2,38.25045,-123.009
6/16/2019,14:31:16,11.541,101.17,84.7,7.38,54,40.108,35100.32,35.56,7.76,0.48,0.48,0.421,0.5,1.511,6.09,2.837,-8.1,38.25044,-123.00896
6/16/2019,14:31:21,11.449,101.17,84.7,7.38,54.022,40.04,35114.355,35.57,7.76,0.57,0.57,0.576,0.66,1.05,4.25,3.166,-6.8,38.25043,-123.00897
6/16/2019,14:31:26,11.505,101.17,84.8,7.38,54.012,40.086,35107.496,35.56,7.76,0.55,0.55,0.502,0.58,0.901,3.65,3.072,-7.4,38.25043,-123.00894
6/16/2019,14:31:31,11.757,101.19,86.2,7.48,53.889,40.258,35028.051,35.49,7.77,0.6,0.6,0.733,0.81,2.028,8.16,2.437,-8.1,38.25043,-123.00891
6/16/2019,14:31:36,12.001,101.17,88.3,7.62,53.767,40.412,34948.461,35.41,7.78,0.63,0.63,0.596,0.68,1.023,4.14,1.859,-8.5,38.25043,-123.0089
6/16/2019,14:31:41,13.485,101.17,93.9,7.89,53.131,41.424,34535.406,35.01,7.81,0.85,0.85,0.569,0.65,0.953,3.86,1.274,-8.6,38.25043,-123.00888
6/16/2019,14:31:46,13.752,101.18,99.2,8.29,52.926,41.556,34401.781,34.87,7.82,0.92,0.92,0.467,0.55,0.913,3.7,0.685,-8.9,38.25043,-123.00886
6/16/2019,14:31:51,13.803,101.18,103.2,8.6,52.903,41.588,34386.668,34.86,7.84,1.08,1.08,0.334,0.41,1.028,4.16,0.593,-10.5,38.25043,-123.00885
6/16/2019,14:31:56,13.848,101.18,105.7,8.81,52.868,41.608,34364.477,34.83,7.85,0.96,0.96,0.432,0.51,0.838,3.4,0.517,-9.1,38.25043,-123.00882
6/16/2019,14:32:01,13.865,101.2,107.4,8.95,52.865,41.621,34362.523,34.83,7.86,0.99,0.99,0.391,0.47,0.971,3.93,0.518,-9,38.25043,-123.0088
6/16/2019,14:32:06,13.869,101.17,108.5,9.04,52.864,41.625,34361.781,34.83,7.87,1.01,1.01,0.521,0.6,0.842,3.41,0.504,-11.5,38.25043,-123.00877
6/16/2019,14:51:58,11.649,101.14,88.4,7.67,54.026,40.25,35116.875,35.58,7.78,0.5,0.5,0.378,0.46,0.466,1.91,2.869,-5.4,38.25012,-122.99267
6/16/2019,14:52:03,11.641,101.14,88.6,7.7,54.04,40.242,35125.934,35.59,7.78,0.54,0.54,0.428,0.51,0.452,1.85,2.854,-5.4,38.25012,-122.99265
6/16/2019,14:52:08,11.749,101.13,88.4,7.66,53.979,40.317,35086.43,35.55,7.78,0.53,0.53,0.378,0.46,0.442,1.81,2.83,-4.1,38.25013,-122.99261
6/16/2019,14:52:13,11.74,101.14,88.4,7.66,53.982,40.306,35088.285,35.55,7.78,0.47,0.47,0.382,0.46,0.457,1.88,2.922,-5.3,38.25014,-122.99259
6/16/2019,14:52:18,11.815,101.16,88.5,7.66,53.953,40.368,35069.734,35.54,7.78,0.48,0.48,0.341,0.42,0.475,1.95,3.019,-6,38.25014,-122.99258
6/16/2019,14:52:23,11.786,101.15,88.7,7.68,53.957,40.339,35072.121,35.54,7.78,0.53,0.53,0.319,0.4,0.452,1.85,3.088,-5.2,38.25014,-122.99256
6/16/2019,14:52:28,11.736,101.14,88.4,7.66,53.982,40.309,35088.426,35.55,7.78,0.49,0.49,0.517,0.6,0.46,1.89,3.177,-5.3,38.25015,-122.99254
6/16/2019,14:52:33,11.525,101.16,88,7.66,54.109,40.184,35171.145,35.64,7.78,0.46,0.46,0.512,0.59,0.572,2.33,3.14,-5.4,38.25015,-122.99252
6/16/2019,14:52:38,11.491,101.15,89.1,7.76,54.135,40.155,35187.535,35.65,7.78,0.45,0.45,0.388,0.47,0.572,2.33,3.066,-6.4,38.25015,-122.99252
6/16/2019,14:52:43,11.384,101.15,88.5,7.71,54.192,40.111,35225.031,35.69,7.78,0.5,0.5,0.576,0.66,0.636,2.59,3.163,-5.2,38.25015,-122.9925
6/16/2019,14:52:48,11.636,101.15,88.5,7.68,54.035,40.243,35122.832,35.59,7.78,0.6,0.6,0.478,0.56,0.656,2.67,3.051,-5.7,38.25016,-122.99247
6/16/2019,14:52:53,11.672,101.16,88.5,7.68,54,40.254,35100.246,35.56,7.77,0.56,0.56,0.356,0.44,0.648,2.64,2.913,-5.9,38.25015,-122.99244
6/16/2019,14:52:58,11.294,101.14,88.6,7.74,54.251,40.048,35263.008,35.72,7.78,0.37,0.37,0.392,0.47,0.401,1.65,3.054,-6.7,38.25016,-122.99243
6/16/2019,14:53:03,11.323,101.15,88.8,7.75,54.247,40.078,35260.621,35.72,7.78,0.43,0.43,0.488,0.57,0.638,2.6,3.173,-6.5,38.25017,-122.99242
6/16/2019,14:53:08,11.5,101.14,89.5,7.8,54.115,40.161,35174.484,35.64,7.78,0.53,0.53,0.445,0.52,0.448,1.84,3.109,-6.9,38.25017,-122.99239
6/16/2019,14:53:13,11.693,101.14,89.4,7.76,54.004,40.278,35102.531,35.57,7.78,0.46,0.46,0.398,0.48,0.506,2.07,3.036,-7,38.25017,-122.99238
6/16/2019,14:53:18,11.675,101.15,88.8,7.71,54.001,40.257,35100.715,35.56,7.77,0.47,0.47,0.449,0.53,0.642,2.61,3.088,-6.9,38.25018,-122.99236
6/16/2019,14:53:23,11.69,101.15,88.4,7.67,53.996,40.269,35097.41,35.56,7.77,0.46,0.46,0.556,0.64,0.438,1.8,3.157,-6.8,38.25018,-122.99235
6/16/2019,14:53:28,11.725,101.15,88.2,7.65,53.973,40.289,35082.285,35.55,7.77,0.64,0.64,0.413,0.49,0.557,2.27,3.195,-6.8,38.25018,-122.99234
6/16/2019,14:53:33,11.529,101.14,87.5,7.61,54.124,40.198,35180.668,35.65,7.77,0.45,0.45,0.433,0.51,0.511,2.09,3.259,-6.2,38.25018,-122.99232
6/16/2019,14:53:38,11.236,101.14,88.5,7.74,54.291,40.018,35288.91,35.75,7.79,0.54,0.54,0.631,0.71,0.907,3.67,3.154,-5.5,38.25018,-122.99231
6/16/2019,14:53:43,11.134,101.14,90.2,7.91,54.351,39.958,35327.852,35.79,7.8,0.5,0.5,0.525,0.6,0.788,3.2,3.276,-5.3,38.25018,-122.99229
6/16/2019,14:53:48,11.119,101.15,92.5,8.11,54.338,39.932,35319.922,35.78,7.81,0.46,0.46,0.637,0.72,0.508,2.08,3.335,-5.2,38.25018,-122.99227
6/16/2019,14:53:53,11.106,101.13,94.2,8.27,54.354,39.922,35329.809,35.79,7.81,0.42,0.42,0.56,0.64,0.76,3.09,3.195,-4.6,38.25018,-122.99225
6/16/2019,14:53:58,11.133,101.15,94.5,8.28,54.367,39.967,35338.656,35.8,7.81,0.41,0.41,0.575,0.65,0.68,2.77,3.37,-4.8,38.25019,-122.99223
6/16/2019,14:54:03,11.325,101.15,93.2,8.14,54.172,40.03,35211.703,35.67,7.79,0.53,0.53,0.453,0.53,0.787,3.19,3.369,-5.6,38.25018,-122.99223
6/16/2019,14:54:08,11.22,101.13,93.3,8.17,54.288,39.998,35287.191,35.75,7.8,0.36,0.36,0.583,0.66,1.242,5.01,3.324,-4.2,38.25019,-122.9922
6/16/2019,14:54:13,11.281,101.14,93.1,8.14,54.233,40.022,35251.609,35.71,7.8,0.56,0.56,0.409,0.49,0.557,2.27,3.294,-5.8,38.25019,-122.99218
6/16/2019,14:54:18,11.251,101.14,93.5,8.18,54.243,40,35258.188,35.72,7.8,0.36,0.36,0.382,0.46,0.799,3.24,3.225,-5.6,38.25019,-122.99216
6/16/2019,14:54:23,11.164,101.15,94.3,8.26,54.314,39.961,35304.391,35.76,7.81,0.44,0.44,0.562,0.64,1.025,4.15,3.248,-4.6,38.25019,-122.99216
6/16/2019,14:54:28,11.279,101.12,95.6,8.37,54.302,40.036,35296.059,35.76,7.81,0.37,0.37,0.576,0.66,0.66,2.69,3.003,-3.3,38.25019,-122.99213
6/16/2019,14:54:33,11.461,101.14,95.1,8.31,54.206,40.147,35234.027,35.7,7.8,0.47,0.47,0.547,0.63,0.55,2.24,2.89,-2.8,38.25018,-122.99212
6/16/2019,14:54:38,11.375,101.15,92.7,8.08,54.164,40.069,35206.797,35.67,7.8,0.47,0.47,0.517,0.6,0.582,2.37,3.28,-3.5,38.25018,-122.99211
6/16/2019,14:54:43,11.175,101.14,93.1,8.15,54.301,39.963,35295.652,35.75,7.81,0.55,0.55,0.355,0.43,0.644,2.62,3.395,-3.4,38.25018,-122.9921
6/16/2019,14:54:48,11.227,101.14,94.4,8.26,54.273,39.996,35277.605,35.74,7.81,0.44,0.44,0.664,0.74,0.699,2.84,3.38,-3,38.25019,-122.99209
6/16/2019,14:54:53,11.198,101.13,95,8.33,54.283,39.967,35283.699,35.74,7.81,0.41,0.41,0.563,0.64,0.655,2.67,3.33,-2.7,38.25019,-122.99207
6/16/2019,14:54:58,11.22,101.14,94.9,8.31,54.279,39.994,35281.559,35.74,7.81,0.49,0.49,0.435,0.51,0.549,2.24,3.509,-2.9,38.25019,-122.99205
6/16/2019,14:55:03,11.07,101.14,94.9,8.33,54.351,39.89,35328.09,35.78,7.82,0.45,0.45,0.468,0.55,0.653,2.66,3.456,-2.7,38.25019,-122.99203
6/16/2019,14:55:08,10.984,101.14,95.5,8.4,54.411,39.835,35367.359,35.82,7.82,0.36,0.36,0.626,0.71,0.535,2.19,3.269,-2.5,38.25019,-122.99202
6/16/2019,14:55:13,11.012,101.13,95.9,8.43,54.407,39.871,35364.266,35.82,7.82,0.4,0.4,0.557,0.64,0.424,1.74,3.374,-3.1,38.25019,-122.992
6/16/2019,14:55:18,11.009,101.15,96,8.43,54.379,39.859,35346.383,35.8,7.82,0.43,0.43,0.41,0.49,0.767,3.11,3.462,-3.2,38.25018,-122.99198
6/16/2019,14:55:23,11.142,101.14,96.7,8.48,54.333,39.952,35316.664,35.78,7.82,0.34,0.34,0.53,0.61,0.797,3.23,3.14,-2.7,38.25019,-122.99196
6/16/2019,14:55:28,11.085,101.14,96.8,8.49,54.365,39.916,35337.074,35.8,7.82,0.37,0.37,0.4,0.48,1.255,5.07,3.165,-2,38.25019,-122.99195
6/16/2019,14:55:33,11.143,101.13,97.2,8.52,54.33,39.952,35314.375,35.77,7.82,0.46,0.46,0.549,0.63,0.672,2.73,3.188,-2,38.25019,-122.99192
6/16/2019,14:55:38,11.062,101.14,97,8.51,54.371,39.896,35341.016,35.8,7.82,0.35,0.35,0.508,0.59,0.71,2.89,3.278,-2.9,38.25019,-122.9919
6/16/2019,14:55:43,11.001,101.14,97.3,8.55,54.398,39.856,35358.887,35.81,7.83,0.44,0.44,0.44,0.52,0.662,2.69,3.348,-3.6,38.25019,-122.99189
6/16/2019,14:55:48,11.103,101.15,97.9,8.59,54.367,39.936,35338.445,35.8,7.83,0.38,0.38,0.6,0.68,0.752,3.05,3.201,-3.4,38.25019,-122.99188
6/16/2019,14:55:53,11.135,101.14,96.7,8.46,54.327,39.96,35312.504,35.77,7.82,0.36,0.36,0.46,0.54,0.99,4.01,3.268,-2.9,38.2502,-122.99185
6/16/2019,14:55:58,11.198,101.14,97.5,8.54,54.289,39.971,35287.836,35.75,7.83,0.45,0.45,0.594,0.67,0.695,2.83,3.049,-3.8,38.2502,-122.99184
6/16/2019,14:56:03,12.52,101.15,97.6,8.34,53.675,40.881,34889.027,35.37,7.82,0.74,0.74,0.448,0.53,0.68,2.76,1.979,-5.6,38.25019,-122.99184
6/16/2019,14:56:08,12.912,101.14,98,8.3,53.47,41.127,34755.332,35.24,7.83,0.76,0.76,0.538,0.62,0.55,2.24,1.307,-6.3,38.25018,-122.99183
6/16/2019,14:56:13,12.926,101.12,98.4,8.34,53.465,41.135,34752.273,35.23,7.83,0.8,0.8,0.47,0.55,0.639,2.6,0.617,-6.7,38.25018,-122.99181
6/16/2019,14:56:18,12.971,101.14,98.8,8.36,53.441,41.162,34736.855,35.22,7.83,0.73,0.73,0.427,0.51,0.533,2.18,0.484,-7.3,38.25018,-122.9918
6/16/2019,14:56:23,12.971,101.13,98.9,8.37,53.458,41.176,34747.926,35.23,7.83,0.75,0.75,0.471,0.55,0.489,2,0.48,-6.8,38.25018,-122.99178
6/16/2019,14:56:28,12.988,101.13,99,8.38,53.449,41.186,34741.855,35.23,7.84,0.79,0.79,0.389,0.47,0.481,1.97,0.479,-6.3,38.25018,-122.99177
6/16/2019,14:56:33,13.004,101.13,99.1,8.38,53.443,41.197,34737.773,35.22,7.84,0.74,0.74,0.384,0.46,0.511,2.09,0.503,-5.1,38.25019,-122.99174
6/16/2019,15:16:14,11.682,101.13,79.8,6.92,54.118,40.352,35176.492,35.65,7.74,0.65,0.65,0.368,0.45,0.369,1.52,3.704,-5.5,38.22993,-122.9781
6/16/2019,15:16:19,11.607,101.12,79.6,6.91,54.123,40.279,35180.059,35.65,7.74,0.65,0.65,0.355,0.43,0.293,1.22,3.73,-5.2,38.22995,-122.97813
6/16/2019,15:16:24,11.642,101.12,79.5,6.9,54.115,40.308,35174.672,35.65,7.74,0.68,0.68,0.412,0.49,0.362,1.49,3.756,-5.2,38.22997,-122.97816
6/16/2019,15:16:29,11.628,101.12,79.5,6.9,54.119,40.297,35177.336,35.65,7.74,0.7,0.7,0.457,0.54,0.304,1.26,3.764,-5.1,38.23,-122.9782
6/16/2019,15:16:34,11.639,101.12,79.5,6.9,54.113,40.304,35173.711,35.64,7.74,0.61,0.61,0.548,0.63,0.343,1.42,3.761,-5.1,38.23002,-122.97823
6/16/2019,15:16:39,11.641,101.12,79.5,6.9,54.125,40.315,35181.453,35.65,7.74,0.65,0.65,0.384,0.46,0.577,2.35,3.757,-5,38.23005,-122.97825
6/16/2019,15:16:44,11.672,101.12,79.5,6.9,54.109,40.334,35170.969,35.64,7.74,0.64,0.64,0.293,0.37,0.482,1.97,3.776,-5.1,38.23008,-122.97828
6/16/2019,15:16:49,11.696,101.12,79.6,6.9,54.112,40.362,35172.477,35.65,7.74,0.53,0.53,0.41,0.49,0.355,1.47,3.716,-4.4,38.2301,-122.97832
6/16/2019,15:16:54,11.686,101.12,79.6,6.91,54.118,40.355,35176.637,35.65,7.74,0.56,0.56,0.508,0.59,0.374,1.54,3.661,-4.6,38.23013,-122.97834
6/16/2019,15:16:59,11.734,101.13,79.8,6.91,54.122,40.408,35179.125,35.66,7.74,0.57,0.57,0.42,0.5,0.315,1.31,3.719,-4.8,38.23015,-122.97837
6/16/2019,15:17:04,11.697,101.13,79.7,6.9,54.109,40.361,35170.688,35.64,7.74,0.67,0.67,0.495,0.57,0.281,1.17,3.708,-5,38.23018,-122.97839
6/16/2019,15:17:09,11.703,101.12,79.7,6.91,54.114,40.37,35174.191,35.65,7.74,0.64,0.64,0.463,0.54,0.391,1.61,3.762,-4.9,38.23021,-122.97842
6/16/2019,15:17:14,11.686,101.12,79.7,6.91,54.12,40.358,35178.055,35.65,7.74,0.62,0.62,0.395,0.47,0.472,1.93,3.701,-4.7,38.23023,-122.97845
6/16/2019,15:17:19,11.711,101.13,79.7,6.91,54.117,40.38,35176.148,35.65,7.74,0.71,0.71,0.552,0.63,0.246,1.03,3.716,-5,38.23026,-122.97849
6/16/2019,15:17:24,11.694,101.13,79.7,6.91,54.115,40.361,35174.5,35.65,7.74,0.55,0.55,0.376,0.46,0.292,1.21,3.734,-4.8,38.23029,-122.97852
6/16/2019,15:17:29,11.687,101.13,79.7,6.91,54.113,40.353,35173.414,35.65,7.74,0.59,0.59,0.451,0.53,0.349,1.44,3.754,-4.9,38.23032,-122.97855
6/16/2019,15:17:34,11.685,101.12,79.7,6.91,54.113,40.351,35173.59,35.65,7.74,0.73,0.73,0.435,0.51,0.347,1.43,3.776,-4.6,38.23034,-122.97858
6/16/2019,15:17:39,11.679,101.13,79.7,6.91,54.111,40.343,35172.008,35.64,7.74,0.63,0.63,0.545,0.62,0.35,1.44,3.737,-4.5,38.23037,-122.97861
6/16/2019,15:17:44,11.681,101.13,79.7,6.91,54.117,40.349,35176.02,35.65,7.74,0.67,0.67,0.409,0.49,0.39,1.61,3.723,-4.5,38.2304,-122.97865
6/16/2019,15:17:49,11.681,101.12,79.6,6.91,54.112,40.346,35172.477,35.65,7.74,0.71,0.71,0.542,0.62,0.265,1.11,3.766,-4.1,38.23043,-122.97868
6/16/2019,15:17:54,11.673,101.12,79.6,6.91,54.114,40.339,35173.785,35.65,7.74,0.55,0.55,0.529,0.61,0.39,1.61,3.741,-4.2,38.23045,-122.97871
6/16/2019,15:17:59,11.658,101.12,79.6,6.9,54.117,40.327,35175.73,35.65,7.74,0.7,0.7,0.414,0.49,0.369,1.52,3.77,-3.7,38.23048,-122.97874
6/16/2019,15:18:04,11.666,101.12,79.6,6.9,54.109,40.329,35170.816,35.64,7.74,0.56,0.56,0.552,0.63,0.423,1.74,3.786,-3.9,38.23051,-122.97877
6/16/2019,15:18:09,11.654,101.12,79.5,6.9,54.123,40.326,35180.117,35.65,7.73,0.5,0.5,0.327,0.41,0.486,1.99,3.723,-4.2,38.23054,-122.97879
6/16/2019,15:18:14,11.646,101.13,79.4,6.89,54.121,40.316,35178.609,35.65,7.73,0.64,0.64,0.539,0.62,0.351,1.45,3.783,-4.3,38.23056,-122.97882
6/16/2019,15:18:19,11.656,101.12,79.5,6.89,54.115,40.322,35174.852,35.65,7.73,0.64,0.64,0.359,0.44,0.378,1.56,3.48,-4.9,38.23059,-122.97884
6/16/2019,15:18:24,11.737,101.11,79.6,6.9,54.088,40.383,35157,35.63,7.73,0.76,0.76,0.389,0.47,0.242,1.01,2.899,-4.8,38.23061,-122.97887
6/16/2019,15:18:29,11.681,101.13,79.6,6.9,54.104,40.341,35167.703,35.64,7.73,0.74,0.74,0.402,0.48,0.257,1.07,1.946,-4.9,38.23064,-122.9789
6/16/2019,15:18:34,11.667,101.13,79.6,6.91,54.102,40.325,35166.297,35.64,7.73,0.63,0.63,0.456,0.54,0.271,1.13,1.046,-4.8,38.23067,-122.97894
6/16/2019,15:18:39,11.677,101.13,79.6,6.91,54.103,40.336,35166.82,35.64,7.73,0.57,0.57,0.466,0.55,0.355,1.47,0.558,-4.6,38.2307,-122.97896
6/16/2019,15:18:44,11.687,101.12,79.6,6.9,54.089,40.334,35157.98,35.63,7.73,0.56,0.56,0.558,0.64,0.235,0.98,0.506,-4.7,38.23074,-122.97899
6/16/2019,15:18:49,11.691,101.12,79.4,6.89,54.079,40.333,35151.469,35.62,7.73,0.74,0.74,0.526,0.61,0.234,0.98,0.509,-4.9,38.23076,-122.97901
6/16/2019,15:18:54,11.682,101.13,79.3,6.88,54.082,40.324,35153.105,35.62,7.73,0.63,0.63,0.388,0.47,0.266,1.11,0.461,-4.8,38.23079,-122.97903
6/16/2019,15:18:59,11.695,101.12,79.3,6.88,54.079,40.335,35151.242,35.62,7.73,0.62,0.62,0.544,0.62,0.243,1.02,0.466,-5.1,38.23082,-122.97906
6/16/2019,15:19:04,11.718,101.12,79.3,6.87,54.07,40.353,35145.48,35.62,7.73,0.7,0.7,0.458,0.54,0.203,0.86,0.439,-5.2,38.23085,-122.97907
6/16/2019,15:19:09,11.728,101.12,79.4,6.88,54.063,40.358,35140.891,35.61,7.73,0.61,0.61,0.372,0.45,0.248,1.04,0.437,-4.5,38.23088,-122.97911
6/16/2019,15:21:53,11.703,101.12,81.6,7.08,54.094,40.355,35160.871,35.63,7.72,0.65,0.65,0.347,0.43,0.28,1.16,0.63,-5.1,38.23193,-122.97985
6/16/2019,15:21:58,11.741,101.12,81.3,7.05,54.085,40.388,35154.941,35.63,7.72,0.63,0.63,0.35,0.43,0.171,0.73,0.627,-5.1,38.23196,-122.97987
6/16/2019,15:22:03,11.744,101.12,81,7.02,54.072,40.381,35146.492,35.62,7.72,0.55,0.55,0.452,0.53,0.226,0.95,0.629,-5.5,38.232,-122.97989
6/16/2019,15:22:08,11.761,101.11,80.9,7,54.076,40.402,35149.168,35.62,7.72,0.69,0.69,0.464,0.54,0.213,0.9,0.612,-5.7,38.23203,-122.97991
6/16/2019,15:22:13,11.754,101.12,80.7,6.99,54.061,40.383,35139.566,35.61,7.72,0.64,0.64,0.39,0.47,0.237,0.99,0.636,-5.5,38.23206,-122.97993
6/16/2019,15:22:18,11.751,101.12,80.6,6.98,54.083,40.397,35154.133,35.63,7.72,0.72,0.72,0.412,0.49,0.253,1.06,0.587,-5.5,38.23209,-122.97996
6/16/2019,15:22:23,11.753,101.11,80.5,6.97,54.09,40.404,35158.613,35.64,7.72,0.68,0.68,0.379,0.46,0.198,0.84,0.609,-5.3,38.23213,-122.97997
6/16/2019,15:22:28,11.794,101.11,80.5,6.96,54.073,40.433,35147.422,35.62,7.72,0.68,0.68,0.454,0.53,0.336,1.39,0.542,-4.8,38.23216,-122.97999
6/16/2019,15:22:33,11.802,101.11,80.5,6.96,54.065,40.436,35142.441,35.62,7.72,0.68,0.68,0.494,0.57,0.384,1.58,0.543,-4.6,38.23219,-122.98
6/16/2019,15:22:38,11.786,101.11,80.5,6.96,54.069,40.423,35144.813,35.62,7.72,0.77,0.77,0.426,0.51,0.214,0.9,0.535,-5.2,38.23222,-122.98002
6/16/2019,15:22:43,11.754,101.11,80.4,6.96,54.074,40.393,35147.953,35.62,7.72,0.65,0.65,0.558,0.64,0.246,1.03,0.593,-5.5,38.23225,-122.98003
6/16/2019,15:22:48,11.69,101.11,80.1,6.95,54.072,40.325,35146.559,35.62,7.72,0.75,0.75,0.333,0.41,0.245,1.03,0.453,-5.4,38.23228,-122.98004
6/16/2019,15:22:53,11.714,101.1,80,6.94,54.083,40.36,35154.102,35.63,7.72,0.79,0.79,0.459,0.54,0.228,0.96,0.324,-5.5,38.23229,-122.98003
6/16/2019,15:22:58,11.694,101.11,80,6.95,53.882,40.188,35023.293,35.48,7.72,10.49,10.49,1.4,1.48,1.321,5.33,0.291,-6,38.23227,-122.98001
6/16/2019,15:23:03,11.726,101.12,80.2,6.97,53.43,39.885,34729.672,35.15,7.72,10.13,10.13,0.801,0.88,0.966,3.91,0.291,-6.7,38.23225,-122.97997
6/16/2019,15:23:08,11.754,101.11,80.7,7.08,50.782,37.934,33008.43,33.21,7.72,99.19,99.19,1.383,1.46,0.752,3.05,0.291,-6.9,38.23223,-122.97993
6/16/2019,15:23:13,11.797,101.11,81.5,7.23,48.048,35.932,31231.166,31.23,7.72,619.97,619.97,1.752,1.83,0.501,2.05,0.29,-6.8,38.2322,-122.97986
6/16/2019,15:23:18,11.758,101.12,82,7.33,52.412,39.156,34067.93,34.4,7.72,270.97,270.97,1.054,1.13,1.553,6.26,0.29,-6.5,38.23219,-122.9798
6/16/2019,15:23:23,11.743,101.11,81.9,7.1,53.691,40.096,34899.148,35.34,7.72,31.16,31.16,0.674,0.75,0.731,2.97,0.291,-6,38.23217,-122.97974
6/16/2019,15:23:28,11.707,101.11,81.4,7.05,54.077,40.347,35150.059,35.62,7.72,1.1,1.1,0.634,0.71,0.604,2.46,0.291,-6.3,38.23217,-122.9797
6/16/2019,15:23:33,11.728,101.12,81,7.02,54.058,40.355,35138,35.61,7.72,1.25,1.25,0.413,0.49,0.377,1.56,0.315,-6.4,38.23216,-122.97966
6/16/2019,15:23:38,11.727,101.12,80.8,7,54.086,40.373,35155.582,35.63,7.72,39.2,39.2,0.67,0.75,0.346,1.43,0.31,-6.4,38.23215,-122.97962
6/16/2019,15:23:43,11.745,101.12,80.7,6.99,54.065,40.378,35142.383,35.62,7.72,0.85,0.85,0.363,0.44,0.314,1.3,0.379,-6.2,38.23214,-122.97959
6/16/2019,15:23:48,11.71,101.1,80.4,6.97,54.084,40.355,35154.445,35.63,7.72,0.8,0.8,0.394,0.47,0.224,0.94,0.39,-6.2,38.23212,-122.97957
6/16/2019,15:23:53,11.706,101.11,80.4,6.96,54.086,40.353,35156.184,35.63,7.72,0.85,0.85,0.541,0.62,0.213,0.9,0.345,-6.2,38.23211,-122.97954
6/16/2019,15:23:58,11.69,101.1,80.2,6.96,54.097,40.344,35163.004,35.64,7.72,0.76,0.76,0.376,0.46,0.271,1.13,0.387,-6,38.23209,-122.97952
6/16/2019,15:24:03,11.733,101.12,80.3,6.95,54.086,40.38,35156.004,35.63,7.71,0.87,0.87,0.59,0.67,0.424,1.74,0.439,-6,38.23206,-122.97949
6/16/2019,15:24:08,11.717,101.11,80.2,6.95,54.075,40.359,35148.574,35.62,7.71,1.05,1.05,0.353,0.43,0.227,0.95,0.368,-6.2,38.23205,-122.97947
6/16/2019,15:24:13,11.731,101.11,80.3,6.96,54.094,40.385,35160.875,35.64,7.71,0.92,0.92,0.581,0.66,0.203,0.86,0.396,-7,38.23204,-122.97944
6/16/2019,15:24:18,11.722,101.11,80.3,6.96,54.121,40.391,35178.93,35.66,7.72,0.83,0.83,0.648,0.73,0.194,0.82,0.404,-7.2,38.23203,-122.97941
6/16/2019,15:24:23,11.752,101.11,80.3,6.96,53.921,40.277,35048.805,35.51,7.72,3.2,3.2,1.071,1.15,1.058,4.28,0.364,-7.3,38.23202,-122.97936
6/16/2019,15:24:28,11.734,101.12,80.4,6.97,51.66,38.566,33579.32,33.85,7.72,108.9,108.9,4.574,4.65,3.061,12.29,0.314,-7.4,38.23199,-122.97929
6/16/2019,15:24:33,11.769,101.11,80.7,7.04,53.051,39.645,34483.41,34.87,7.72,167.66,167.66,3.756,3.84,2.046,8.23,0.31,-7.1,38.23196,-122.97923
6/16/2019,15:24:38,11.805,101.11,80.7,7.03,52.893,39.563,34380.512,34.76,7.72,154.33,154.33,1.572,1.65,2.119,8.52,0.337,-7.3,38.23194,-122.97916
6/16/2019,15:24:43,11.772,101.1,80.7,6.99,53.9,40.282,35034.875,35.5,7.72,2.96,2.96,1.164,1.24,1.157,4.67,0.354,-7.9,38.23191,-122.9791
6/16/2019,15:24:48,11.801,101.11,80.7,6.98,53.807,40.243,34974.867,35.43,7.72,117.02,117.02,2.193,2.27,1.869,7.52,0.329,-8.3,38.23188,-122.97906
6/16/2019,15:24:53,11.918,101.1,81,7.01,53.677,40.256,34889.746,35.34,7.72,26.88,26.88,2.323,2.4,1.446,5.83,0.357,-8.4,38.23186,-122.979
6/16/2019,15:24:58,12.293,101.11,81.5,7,53.592,40.585,34834.715,35.3,7.72,152.27,152.27,3.005,3.08,2.477,9.95,0.316,-7.8,38.23183,-122.97894
6/16/2019,15:25:03,12.304,101.11,81.9,7.05,52.404,39.696,34062.871,34.43,7.72,56.76,56.76,3.085,3.16,2.398,9.64,0.327,-7.7,38.2318,-122.97887
6/16/2019,15:25:08,12.301,101.1,82.1,7.05,53.356,40.416,34681.641,35.13,7.72,106.9,106.9,3.378,3.46,5.555,22.27,0.325,-7.6,38.23176,-122.9788
6/16/2019,15:25:13,12.316,101.1,82.3,7.05,53.336,40.415,34668.141,35.11,7.72,556.62,556.62,3.392,3.47,2.585,10.38,0.307,-7.5,38.23172,-122.97873
6/16/2019,15:25:18,12.386,101.1,82.5,7.07,53.454,40.572,34744.961,35.2,7.72,46.87,46.87,1.619,1.7,1.71,6.88,0.324,-7.5,38.23168,-122.97865
6/16/2019,15:25:23,12.46,101.1,82.8,7.09,53.501,40.687,34775.594,35.24,7.72,163.75,163.75,2.911,2.99,2.812,11.3,0.32,-7.4,38.23164,-122.97858
6/16/2019,15:25:28,12.512,101.12,83,7.09,53.778,40.95,34955.773,35.45,7.72,216.28,216.28,2.898,2.98,3.009,12.08,0.314,-8,38.23161,-122.9785
6/16/2019,15:25:33,12.54,101.11,83.1,7.12,52.805,40.234,34323.25,34.73,7.72,278.93,278.93,1.991,2.07,1.948,7.84,0.313,-8.1,38.23156,-122.97842
6/16/2019,15:25:38,12.596,101.11,83.3,7.1,53.645,40.936,34869.301,35.35,7.72,67.6,67.6,2.205,2.28,1.988,8,0.32,-8,38.23151,-122.97836
6/16/2019,15:25:43,12.619,101.12,83.3,7.09,53.777,41.058,34954.793,35.45,7.72,355.42,355.42,2.18,2.26,2.277,9.15,0.337,-7.9,38.23147,-122.97829
6/16/2019,15:25:48,12.662,101.11,83.3,7.09,53.685,41.034,34895.234,35.38,7.72,3.01,3.01,2.852,2.93,1.556,6.27,0.325,-7.5,38.23143,-122.97821
6/16/2019,15:25:53,12.698,101.11,83.2,7.09,53.276,40.757,34629.324,35.09,7.72,343.42,343.42,2.982,3.06,3.324,13.34,0.318,-6.9,38.23139,-122.97813
6/16/2019,15:25:58,12.713,101.11,83.1,7.07,53.658,41.065,34877.586,35.37,7.72,9.24,9.24,2.984,3.06,1.546,6.23,0.326,-6.7,38.23135,-122.97806
6/16/2019,15:26:03,12.724,101.12,83,7.05,53.58,41.017,34826.922,35.31,7.72,499.34,499.34,2.445,2.52,1.379,5.56,0.33,-6.5,38.23131,-122.97798
6/16/2019,15:26:08,12.737,101.11,82.9,7.05,53.66,41.092,34879.23,35.37,7.72,145.67,145.67,4.001,4.08,2.279,9.16,0.307,-6.2,38.23127,-122.97791
6/16/2019,15:26:13,12.738,101.11,83,7.06,53.243,40.774,34608,35.06,7.72,32.26,32.26,2.014,2.09,1.501,6.05,0.322,-6.2,38.23122,-122.97784
6/16/2019,15:26:18,12.741,101.11,82.9,7.06,53.224,40.762,34595.742,35.05,7.72,117.15,117.15,3.033,3.11,1.604,6.46,0.314,-6.2,38.23117,-122.97778
6/16/2019,15:26:23,12.746,101.1,82.9,7.1,52.767,40.417,34298.52,34.71,7.72,36.88,36.88,2.3,2.38,1.621,6.53,0.34,-6.2,38.23112,-122.9777
6/16/2019,15:26:28,12.747,101.1,82.9,7.06,53.743,41.165,34932.789,35.43,7.72,11.38,11.38,1.224,1.3,0.582,2.37,0.333,-6.7,38.23108,-122.97764
6/16/2019,15:26:33,12.749,101.11,82.8,7.04,53.681,41.121,34892.953,35.39,7.72,14.27,14.27,1.835,1.92,1.164,4.7,0.335,-6.9,38.23102,-122.97759
6/16/2019,15:26:38,12.747,101.11,82.8,7.06,53.146,40.708,34544.66,34.99,7.72,71.55,71.55,2.185,2.26,2.215,8.9,0.335,-6.4,38.23095,-122.97757
6/16/2019,15:26:43,12.729,101.11,82.7,7.04,53.235,40.758,34602.508,35.06,7.72,197.25,197.25,4.153,4.23,2.805,11.27,0.323,-6.1,38.23088,-122.97754
6/16/2019,15:26:48,12.714,101.11,82.7,7.06,53.027,40.583,34467.301,34.9,7.72,783.44,783.44,2.582,2.66,1.529,6.16,0.315,-6.1,38.23081,-122.9775
6/16/2019,15:26:53,12.7,101.1,82.9,7.05,53.314,40.789,34654.262,35.11,7.72,73.34,73.34,2.042,2.12,2.717,10.91,0.324,-6.5,38.23074,-122.97747
6/16/2019,15:26:58,12.695,101.1,82.8,7.05,53.476,40.907,34759.188,35.23,7.72,68.98,68.98,1.601,1.68,2.705,10.86,0.312,-6.5,38.23068,-122.97741
6/16/2019,15:27:03,12.691,101.1,82.9,7.05,53.711,41.084,34912.414,35.41,7.72,21.26,21.26,1.204,1.28,1.591,6.41,0.324,-6.8,38.23062,-122.97736
6/16/2019,15:27:08,12.69,101.1,82.7,7.04,53.462,40.892,34750.578,35.22,7.72,67.73,67.73,2.765,2.84,1.719,6.92,0.34,-6.5,38.23057,-122.97731
6/16/2019,15:27:13,12.687,101.11,82.6,7.04,53.417,40.854,34720.828,35.19,7.72,130.47,130.47,3.315,3.39,2.416,9.71,0.31,-5.9,38.23053,-122.97725
6/16/2019,15:27:18,12.686,101.1,82.7,7.06,53.029,40.557,34468.895,34.9,7.72,38.21,38.21,3.419,3.5,3.815,15.3,0.305,-6.2,38.23047,-122.97718
6/16/2019,15:27:23,12.684,101.1,82.7,7.03,53.665,41.041,34882.008,35.37,7.72,155.55,155.55,2.784,2.86,3.449,13.84,0.313,-6.9,38.23043,-122.97712
6/16/2019,15:27:28,12.674,101.1,82.8,7.08,53.209,40.682,34586.078,35.04,7.72,13.88,13.88,2.444,2.52,2.715,10.91,0.329,-6.8,38.23037,-122.97706
6/16/2019,15:27:33,12.656,101.11,82.6,7.04,53.355,40.775,34680.664,35.14,7.72,1498.3,1498.3,3.266,3.35,3.005,12.06,0.32,-7.4,38.23032,-122.97701
6/16/2019,15:27:38,12.602,101.11,82.4,7.02,53.682,40.97,34893.043,35.38,7.72,588.93,588.93,2.222,2.3,2.937,11.8,0.315,-7.7,38.23025,-122.97698
6/16/2019,15:27:43,12.549,101.1,82.5,7.07,52.159,39.756,33903.672,34.26,7.72,25.02,25.02,3.461,3.54,1.414,5.7,0.331,-8.3,38.23018,-122.97692
6/16/2019,15:27:48,12.528,101.1,82.4,7.04,53.289,40.597,34638.027,35.09,7.72,438.07,438.07,2.841,2.92,1.681,6.77,0.326,-8.4,38.23011,-122.97688
6/16/2019,15:27:53,12.487,101.09,82.3,7.03,53.304,40.564,34647.75,35.1,7.72,303.48,303.48,6.262,6.34,4.049,16.24,0.307,-8.3,38.23006,-122.97684
6/16/2019,15:27:58,12.406,101.1,82.3,7.04,53.551,40.673,34808.348,35.27,7.72,48.14,48.14,2.944,3.02,1.403,5.66,0.324,-8.5,38.22998,-122.97679
6/16/2019,15:28:03,12.346,101.1,82,7.04,53.435,40.521,34732.641,35.19,7.72,26.86,26.86,5.166,5.25,3.783,15.18,0.306,-8.5,38.22992,-122.97676
6/16/2019,15:28:08,12.28,101.1,82,7.03,53.69,40.646,34898.383,35.37,7.72,16.65,16.65,2.782,2.86,2.319,9.32,0.337,-8.5,38.22985,-122.97673
6/16/2019,15:28:13,12.215,101.09,81.8,7.03,53.643,40.546,34868.152,35.33,7.72,522.76,522.76,3.39,3.47,3.933,15.78,0.303,-8.1,38.22978,-122.97669
6/16/2019,15:28:18,12.227,101.1,81.9,7.03,53.879,40.735,35021.203,35.51,7.72,79.39,79.39,4.818,4.9,4.335,17.39,0.316,-8.6,38.22972,-122.97667
6/16/2019,15:28:23,12.319,101.1,82.1,7.19,52.102,39.479,33866.176,34.21,7.72,395.89,395.89,2.813,2.89,2.819,11.32,0.319,-8.5,38.22965,-122.97662
6/16/2019,15:28:28,12.155,101.1,81.8,7.03,53.849,40.638,35002.094,35.48,7.72,11.56,11.56,3.288,3.37,2.49,10.01,0.326,-8.5,38.2296,-122.97658
6/16/2019,15:28:33,12.252,101.1,81.9,7.03,53.614,40.562,34849.156,35.31,7.72,137.72,137.72,2.324,2.4,3.022,12.13,0.314,-8.8,38.22954,-122.97654
6/16/2019,15:28:38,12.256,101.1,81.9,7.03,53.75,40.666,34937.273,35.41,7.72,145.96,145.96,2.631,2.71,3.651,14.65,0.314,-8.6,38.22947,-122.97651
6/16/2019,15:28:43,12.063,101.1,81.4,7.01,53.79,40.498,34963.434,35.43,7.72,350.85,350.85,3.671,3.75,1.989,8,0.32,-8.8,38.22939,-122.97648
6/16/2019,15:28:48,12.001,101.1,81.7,7.05,53.769,40.408,34950,35.41,7.72,2.95,2.95,3.077,3.16,1.986,7.99,0.335,-9,38.22932,-122.97646
6/16/2019,15:28:53,12.014,101.11,81.6,7.04,53.675,40.362,34888.566,35.34,7.72,10.87,10.87,2.358,2.44,2.631,10.57,0.332,-8.8,38.22924,-122.97644
6/16/2019,15:28:58,11.661,101.1,80.8,7.01,53.983,40.237,35088.98,35.55,7.72,6.9,6.9,3.273,3.35,2.383,9.58,0.319,-8.6,38.22916,-122.97643
6/16/2019,15:29:03,11.638,101.09,81,7.04,53.748,40.031,34936.379,35.38,7.72,189.35,189.35,5.348,5.43,3.92,15.73,0.325,-8,38.22908,-122.97639
6/16/2019,15:29:08,11.654,101.1,80.8,7.02,53.835,40.111,34992.523,35.44,7.72,85.77,85.77,2.644,2.72,1.648,6.64,0.324,-8,38.229,-122.97637
6/16/2019,15:29:13,11.658,101.09,80.7,7.02,53.827,40.111,34987.297,35.44,7.72,41.73,41.73,2.503,2.58,3.666,14.71,0.318,-7.9,38.22892,-122.97635
6/16/2019,15:29:18,11.68,101.1,80.7,7.01,53.732,40.062,34925.699,35.37,7.72,153.84,153.84,3.494,3.57,4.177,16.76,0.312,-7.7,38.22884,-122.97633
6/16/2019,15:29:23,11.668,101.1,80.7,7.01,53.552,39.913,34808.949,35.23,7.72,26.89,26.89,3.849,3.93,2.604,10.46,0.318,-8.2,38.22877,-122.9763
6/16/2019,15:29:28,11.717,101.09,80.7,7.02,53.057,39.596,34487.02,34.87,7.72,384.15,384.15,3.145,3.22,2.607,10.47,0.319,-7.9,38.22869,-122.97627
6/16/2019,15:29:33,11.709,101.1,80.8,7.01,53.968,40.268,35079.234,35.54,7.72,144.36,144.36,4.004,4.08,2.498,10.04,0.32,-8.1,38.22861,-122.97623
6/16/2019,15:29:38,11.717,101.09,80.8,7.02,53.541,39.957,34801.684,35.23,7.72,348.08,348.08,5.515,5.59,3.761,15.09,0.318,-8.6,38.22854,-122.97619
6/16/2019,15:29:43,11.71,101.1,80.8,7.01,53.561,39.965,34814.52,35.24,7.72,29.69,29.69,4.197,4.28,4.565,18.31,0.318,-8.7,38.22847,-122.97614
6/16/2019,15:29:48,11.709,101.1,80.8,7.01,53.642,40.025,34867.191,35.3,7.72,21.89,21.89,4.388,4.47,4.061,16.29,0.305,-8.2,38.2284,-122.97609
6/16/2019,15:29:53,11.727,101.11,80.8,7.04,52.991,39.557,34443.891,34.83,7.72,37.56,37.56,4.179,4.26,3.921,15.73,0.302,-7.9,38.22833,-122.97604
6/16/2019,15:29:58,11.727,101.1,80.8,7.02,53.676,40.069,34889.598,35.33,7.72,1659.8,1659.8,5.894,5.97,3.562,14.29,0.315,-7.6,38.22826,-122.97598
6/16/2019,15:30:03,11.754,101.09,80.9,7.02,53.693,40.107,34900.559,35.34,7.72,208.08,208.08,4.792,4.87,4.277,17.15,0.316,-7.6,38.2282,-122.97593
6/16/2019,15:30:08,11.743,101.1,80.9,7.03,53.09,39.648,34508.73,34.9,7.72,104.37,104.37,3.722,3.8,4.313,17.3,0.317,-7.6,38.22813,-122.97588
6/16/2019,15:30:13,11.755,101.09,81,7.02,53.898,40.262,35033.656,35.49,7.72,302.56,302.56,3.078,3.16,2.335,9.38,0.313,-7.6,38.22807,-122.97582
6/16/2019,15:30:18,11.749,101.1,81,7.02,53.842,40.215,34997.359,35.45,7.72,1164.2,1164.2,5.217,5.3,3.64,14.6,0.315,-7.6,38.228,-122.97576
6/16/2019,15:30:23,11.748,101.1,81,7.02,53.973,40.313,35082.742,35.55,7.72,587.56,587.56,3.483,3.56,3.198,12.84,0.31,-7.6,38.22794,-122.9757
6/16/2019,15:30:28,11.738,101.09,81,7.03,53.666,40.073,34882.859,35.32,7.72,412.54,412.54,4.199,4.28,4.101,16.45,0.321,-7.1,38.22788,-122.97563
6/16/2019,15:30:33,11.732,101.09,80.9,7.03,53.431,39.891,34730.238,35.15,7.72,82.14,82.14,4.4,4.48,3.921,15.73,0.309,-6.7,38.22783,-122.97556
6/16/2019,15:30:38,11.712,101.1,80.9,7.03,53.591,39.99,34833.84,35.27,7.72,43.25,43.25,3.156,3.24,4.156,16.67,0.313,-6.1,38.22778,-122.97548
6/16/2019,15:30:43,11.694,101.09,80.8,7.01,53.95,40.24,35067.691,35.53,7.72,142.31,142.31,5.17,5.25,2.46,9.89,0.315,-5.7,38.22773,-122.9754
6/16/2019,15:30:48,11.696,101.09,80.7,7.02,53.483,39.893,34764.242,35.19,7.72,233.26,233.26,3.616,3.7,3.887,15.59,0.311,-5.5,38.22768,-122.97532
6/16/2019,15:30:53,11.691,101.1,80.6,7,53.786,40.112,34960.633,35.41,7.72,114.81,114.81,3.448,3.53,3.463,13.9,0.314,-5.8,38.22764,-122.97523
6/16/2019,15:30:58,11.674,101.09,80.6,7.01,53.518,39.897,34786.563,35.21,7.72,34.61,34.61,4.92,5,4.061,16.29,0.304,-5.7,38.2276,-122.97515
6/16/2019,15:31:03,11.666,101.1,80.6,7,53.528,39.895,34793.082,35.22,7.72,212.76,212.76,2.49,2.57,3.467,13.92,0.32,-5.7,38.22755,-122.97507
6/16/2019,15:31:08,11.669,101.1,80.5,7,53.448,39.839,34741.418,35.16,7.72,111.14,111.14,3.596,3.68,4.03,16.17,0.304,-5.2,38.22749,-122.975
6/16/2019,15:31:13,11.681,101.09,80.5,7,53.548,39.925,34806.219,35.23,7.72,110.07,110.07,3.508,3.59,2.803,11.26,0.31,-5.1,38.22744,-122.97492
6/16/2019,15:31:18,11.666,101.09,80.4,6.98,53.992,40.242,35095.082,35.56,7.72,357.97,357.97,4.307,4.39,3.812,15.29,0.317,-4.1,38.22739,-122.97485
6/16/2019,15:31:23,11.696,101.1,80.4,6.98,53.841,40.159,34996.406,35.45,7.72,197.68,197.68,5.48,5.56,4.618,18.52,0.311,-4.5,38.22734,-122.97478
6/16/2019,15:31:28,11.675,101.1,80.3,6.97,53.886,40.172,35025.988,35.48,7.72,29.94,29.94,2.593,2.67,1.838,7.4,0.327,-3.7,38.22729,-122.97472
6/16/2019,15:31:33,11.696,101.09,80.3,6.98,53.577,39.963,34824.875,35.25,7.72,690.62,690.62,3.01,3.09,4.011,16.09,0.31,-4.1,38.22723,-122.97465
6/16/2019,15:31:38,11.702,101.1,80.3,6.97,53.574,39.966,34823.328,35.25,7.72,450.08,450.08,3.59,3.67,2.899,11.64,0.324,-3.6,38.22718,-122.97459
6/16/2019,15:31:43,11.708,101.1,80.3,6.98,53.694,40.062,34900.871,35.34,7.72,586.67,586.67,3.65,3.73,2.606,10.47,0.317,-4.2,38.22712,-122.97453
6/16/2019,15:31:48,11.725,101.1,80.4,6.97,53.776,40.14,34954.18,35.4,7.72,276.91,276.91,3.123,3.2,3.765,15.1,0.315,-3.9,38.22707,-122.97446
6/16/2019,15:31:53,11.728,101.09,80.5,6.98,53.766,40.136,34947.754,35.4,7.72,697.51,697.51,3.472,3.55,2.5,10.04,0.328,-3.8,38.22702,-122.9744
6/16/2019,15:31:58,11.737,101.09,80.5,7,53.526,39.967,34792.18,35.22,7.72,86.89,86.89,4.401,4.48,3.101,12.45,0.303,-3.3,38.22697,-122.97433
6/16/2019,15:32:03,11.732,101.09,80.6,6.99,53.866,40.214,35012.629,35.47,7.72,262.61,262.61,4.456,4.54,3.622,14.53,0.314,-2.9,38.22692,-122.97427
6/16/2019,15:32:08,11.739,101.1,80.6,6.99,51.179,38.217,33266.617,33.5,7.72,282.57,282.57,4.439,4.52,5.348,21.44,0.313,-2.7,38.22688,-122.9742
6/16/2019,15:32:13,11.77,101.1,80.8,7.01,53.64,40.085,34866.277,35.31,7.72,94.48,94.48,3.41,3.49,2.182,8.77,0.322,-4.1,38.22682,-122.97414
6/16/2019,15:32:18,11.758,101.1,80.8,7,53.878,40.25,35020.945,35.48,7.72,93.17,93.17,5.231,5.31,5.096,20.43,0.313,-3.9,38.22677,-122.97408
6/16/2019,15:32:23,11.751,101.09,80.7,7.01,53.194,39.733,34576.234,34.98,7.72,54.98,54.98,3.417,3.5,4.901,19.65,0.314,-4.3,38.22672,-122.97401
6/16/2019,15:32:28,11.761,101.09,80.7,6.99,53.653,40.086,34874.129,35.31,7.72,147.09,147.09,3.852,3.93,2.635,10.59,0.327,-4.6,38.22667,-122.97395
6/16/2019,15:32:33,11.771,101.1,80.7,7,53.585,40.045,34830.164,35.26,7.72,609.02,609.02,5.295,5.37,5.323,21.34,0.312,-4.6,38.22662,-122.97388
6/16/2019,15:32:38,11.8,101.09,80.7,7.02,53.038,39.667,34474.91,34.87,7.72,356.3,356.3,4.518,4.6,4.705,18.86,0.313,-4.4,38.22657,-122.97383
6/16/2019,15:32:43,11.796,101.11,80.9,7.02,53.355,39.899,34680.613,35.1,7.72,15.95,15.95,3.073,3.15,4.276,17.15,0.315,-4.2,38.22653,-122.97376
6/16/2019,15:32:48,11.789,101.08,80.9,7.01,53.704,40.153,34907.664,35.35,7.72,631.02,631.02,3.113,3.19,5.063,20.3,0.308,-4.3,38.22648,-122.9737
6/16/2019,15:32:53,11.815,101.11,80.9,7,53.868,40.302,35014.398,35.48,7.72,322.41,322.41,4.497,4.58,2.732,10.97,0.316,-4.8,38.22644,-122.97364
6/16/2019,15:32:58,11.808,101.1,80.9,7.03,53.207,39.8,34584.273,34.99,7.72,178.06,178.06,5.078,5.16,5.406,21.67,0.311,-5.4,38.22639,-122.97358
6/16/2019,15:33:03,11.786,101.1,80.8,7.01,52.767,39.45,34298.504,34.67,7.72,247.95,247.95,3.77,3.85,5.063,20.3,0.319,-5.7,38.22633,-122.97353
6/16/2019,15:33:08,11.792,101.09,80.9,7,53.839,40.257,34995.18,35.45,7.72,264.45,264.45,5.581,5.66,4.292,17.22,0.314,-6.3,38.22628,-122.97346
6/16/2019,15:33:13,11.805,101.09,80.9,7.02,53.481,40.003,34762.508,35.19,7.72,243.54,243.54,4.786,4.87,4.728,18.96,0.313,-6.7,38.22624,-122.97341
6/16/2019,15:33:18,11.792,101.08,81,7.02,53.413,39.938,34718.184,35.14,7.72,25.93,25.93,4.515,4.59,3.131,12.57,0.319,-6.8,38.22618,-122.97335
6/16/2019,15:33:23,11.802,101.1,80.9,7.01,53.596,40.086,34837.168,35.27,7.72,334.07,334.07,4.517,4.6,3.504,14.06,0.313,-6.8,38.22614,-122.97329
6/16/2019,15:33:28,11.791,101.1,80.9,7,53.926,40.321,35052.098,35.52,7.72,525.93,525.93,3.647,3.73,2.207,8.88,0.319,-6.4,38.22609,-122.97324
6/16/2019,15:33:33,11.793,101.09,80.9,7.01,53.893,40.298,35030.586,35.49,7.72,17.5,17.5,3.906,3.99,3.033,12.18,0.306,-6.9,38.22604,-122.97318
6/16/2019,15:33:38,11.791,101.09,80.9,7.01,53.94,40.331,35061.109,35.53,7.72,23.94,23.94,2.397,2.48,1.484,5.98,0.317,-6.5,38.22599,-122.97312
6/16/2019,15:33:43,11.797,101.09,81,7.01,53.988,40.373,35091.887,35.56,7.72,457.52,457.52,2.771,2.85,2.718,10.92,0.324,-6.7,38.22594,-122.97306
6/16/2019,15:33:48,11.8,101.09,80.8,7,53.977,40.368,35084.758,35.55,7.72,163.24,163.24,2.622,2.7,2.228,8.96,0.319,-6.5,38.22589,-122.973
6/16/2019,15:33:53,11.792,101.09,80.8,6.99,53.952,40.34,35068.793,35.54,7.72,27.47,27.47,2.329,2.41,1.74,7.01,0.317,-6.4,38.22585,-122.97294
6/16/2019,15:33:58,11.798,101.1,80.9,7.02,53.448,39.971,34741.336,35.17,7.72,18.46,18.46,2.922,3,4.042,16.21,0.319,-6.6,38.2258,-122.97288
6/16/2019,15:34:03,11.802,101.1,80.8,7,53.812,40.247,34977.516,35.43,7.72,8.38,8.38,3.586,3.67,1.465,5.9,0.326,-6.6,38.22575,-122.97282
6/16/2019,15:34:08,11.797,101.09,80.8,7.01,53.726,40.177,34921.813,35.37,7.72,110.16,110.16,3.681,3.76,2.02,8.12,0.321,-6.3,38.2257,-122.97276
6/16/2019,15:34:13,11.806,101.09,80.6,6.98,53.987,40.382,35091.629,35.56,7.72,5.17,5.17,3.482,3.56,4.622,18.53,0.323,-5.9,38.22565,-122.97271
6/16/2019,15:34:18,11.797,101.09,80.6,6.99,53.709,40.165,34910.797,35.36,7.72,204.24,204.24,4.122,4.2,1.794,7.22,0.32,-5.7,38.2256,-122.97266
6/16/2019,15:34:23,11.816,101.08,80.6,6.97,54.008,40.408,35105.188,35.58,7.72,104.51,104.51,1.706,1.79,0.79,3.2,0.327,-5.5,38.22555,-122.9726
6/16/2019,15:34:28,11.805,101.09,80.5,6.96,53.958,40.36,35072.996,35.54,7.72,28.06,28.06,2.659,2.74,1.997,8.03,0.322,-5.4,38.22549,-122.97255
6/16/2019,15:34:33,11.81,101.08,80.4,6.96,53.996,40.394,35097.656,35.57,7.72,204,204,2.027,2.11,1.567,6.31,0.317,-5.8,38.22544,-122.9725
6/16/2019,15:34:38,11.802,101.1,80.3,6.95,53.884,40.301,35024.48,35.49,7.72,11.65,11.65,2.637,2.72,0.731,2.97,0.323,-5.4,38.22538,-122.97245
6/16/2019,15:34:43,11.803,101.09,80.2,6.94,54.034,40.414,35121.789,35.6,7.72,0.75,0.75,0.266,0.35,0.354,1.46,0.444,-5.4,38.22535,-122.97243
6/16/2019,15:34:48,11.8,101.1,79.9,6.91,54.036,40.412,35123.25,35.6,7.72,0.75,0.75,0.463,0.54,0.312,1.29,0.502,-4.7,38.22533,-122.97242
6/16/2019,15:34:53,11.8,101.09,79.7,6.89,54.038,40.414,35124.957,35.6,7.72,0.7,0.7,0.505,0.58,0.232,0.97,0.549,-4.6,38.22532,-122.97242
6/16/2019,15:34:58,11.795,101.1,79.5,6.88,54.035,40.407,35122.727,35.6,7.72,0.71,0.71,0.379,0.46,0.254,1.06,0.611,-4.5,38.22532,-122.97243
6/16/2019,15:35:03,11.795,101.08,79.4,6.87,54.04,40.411,35126.16,35.6,7.72,0.76,0.76,0.505,0.59,0.209,0.88,0.696,-2.1,38.22532,-122.97246
6/16/2019,15:45:51,12.327,101.08,84.2,7.21,53.864,40.824,35011.727,35.5,7.71,1.04,1.04,0.467,0.55,0.293,1.22,0.755,-3.9,38.21927,-122.9632
6/16/2019,15:45:56,12.319,101.1,84.1,7.21,53.848,40.806,35001.449,35.49,7.71,1.02,1.02,0.455,0.53,0.33,1.37,0.738,-3.5,38.21928,-122.96319
6/16/2019,15:46:01,12.366,101.09,84.2,7.21,53.847,40.854,35000.578,35.49,7.71,0.88,0.88,0.242,0.32,0.292,1.22,0.726,-2.6,38.21928,-122.96317
6/16/2019,15:46:06,12.336,101.1,84.1,7.2,53.852,40.827,35004.102,35.49,7.72,0.9,0.9,0.33,0.41,0.303,1.26,0.727,-3.1,38.21929,-122.96317
6/16/2019,15:46:11,12.38,101.11,84.1,7.2,53.843,40.864,34998.25,35.49,7.72,1,1,0.267,0.35,0.307,1.27,0.714,-5,38.2193,-122.96315
6/16/2019,15:46:16,12.389,101.09,84.2,7.2,53.839,40.871,34995.125,35.48,7.72,1.11,1.11,0.399,0.48,0.216,0.91,0.721,-5.5,38.21931,-122.96314
6/16/2019,15:46:21,12.407,101.11,84.2,7.2,53.83,40.882,34989.508,35.48,7.72,0.94,0.94,0.331,0.41,0.305,1.26,0.707,-6.1,38.21931,-122.96313
6/16/2019,15:46:26,12.673,101.08,84.8,7.21,53.728,41.078,34923.223,35.42,7.73,1.02,1.02,0.353,0.43,0.38,1.56,0.731,-6.1,38.21931,-122.96313
6/16/2019,15:46:31,12.793,101.08,85.2,7.23,53.688,41.17,34897.211,35.39,7.73,1.11,1.11,0.408,0.49,0.206,0.87,0.747,-6.3,38.21931,-122.96312
6/16/2019,15:46:36,12.856,101.08,85.4,7.24,53.682,41.23,34893.371,35.39,7.73,1.11,1.11,0.477,0.56,0.257,1.07,0.748,-5.7,38.21932,-122.96312
6/16/2019,15:46:41,12.957,101.1,85.7,7.24,53.745,41.382,34933.965,35.44,7.73,1.15,1.15,0.346,0.43,0.38,1.57,0.746,-5.1,38.21933,-122.96312
6/16/2019,15:46:46,13.153,101.08,86.3,7.27,53.608,41.474,34844.961,35.35,7.73,1.32,1.32,0.428,0.51,0.209,0.88,0.737,-4.6,38.21933,-122.96312
6/16/2019,15:46:51,13.229,101.08,86.5,7.28,53.567,41.524,34818.645,35.32,7.73,1.29,1.29,0.361,0.44,0.279,1.16,0.737,-4.6,38.21933,-122.96311
6/16/2019,15:46:56,13.245,101.08,86.6,7.28,53.581,41.552,34827.652,35.33,7.73,1.23,1.23,0.559,0.64,0.109,0.48,0.731,-4.6,38.21933,-122.96311
6/16/2019,15:47:01,13.185,101.09,86.5,7.28,53.62,41.52,34853.203,35.36,7.73,1.14,1.14,0.473,0.55,0.281,1.17,0.747,-4.4,38.21933,-122.96311
6/16/2019,15:47:06,13.194,101.09,86.5,7.28,53.612,41.523,34847.871,35.35,7.74,1.28,1.28,0.346,0.43,0.41,1.69,0.741,-3.9,38.21934,-122.9631
6/16/2019,15:47:11,13.254,101.09,86.7,7.3,53.586,41.562,34830.973,35.34,7.74,1.14,1.14,0.242,0.32,0.361,1.49,0.743,-3.4,38.21934,-122.9631
6/16/2019,15:47:16,13.271,101.09,86.6,7.28,53.598,41.59,34838.41,35.35,7.74,1.14,1.14,0.274,0.35,0.25,1.05,0.741,-3.5,38.21935,-122.96309
6/16/2019,15:47:21,13.284,101.08,86.6,7.28,53.593,41.599,34835.609,35.34,7.74,1.16,1.16,0.388,0.47,0.292,1.21,0.735,-3.7,38.21936,-122.96308
6/16/2019,15:47:26,13.38,101.1,86.9,7.29,53.549,41.665,34807.145,35.32,7.74,1.2,1.2,0.457,0.54,0.298,1.24,0.656,-3.9,38.21935,-122.96307
6/16/2019,15:47:31,13.517,101.09,86.9,7.27,53.537,41.795,34798.992,35.31,7.73,1.14,1.14,0.438,0.52,0.278,1.16,0.51,-3.6,38.21932,-122.96307
6/16/2019,15:47:36,13.449,101.09,86.5,7.24,53.517,41.729,34786.355,35.3,7.73,1.19,1.19,0.45,0.53,0.161,0.69,0.436,-3.9,38.21929,-122.9631
6/16/2019,15:47:41,12.464,101.09,85.1,7.27,53.821,40.934,34983.422,35.47,7.74,0.96,0.96,0.495,0.57,0.232,0.98,0.392,-4.4,38.21927,-122.96314
6/16/2019,15:47:46,12.412,101.09,84.6,7.23,53.836,40.892,34993.715,35.48,7.74,0.99,0.99,0.479,0.56,0.276,1.15,0.386,-4.8,38.21924,-122.96318
6/16/2019,15:47:51,12.539,101.09,84.6,7.22,53.774,40.976,34953.09,35.44,7.74,1.04,1.04,0.501,0.58,0.212,0.89,0.377,-4.1,38.21922,-122.96323
6/16/2019,15:47:56,12.542,101.08,84.5,7.21,53.776,40.982,34954.164,35.45,7.74,1.1,1.1,0.333,0.41,0.186,0.79,0.383,-4.2,38.2192,-122.96327
6/16/2019,15:48:01,12.614,101.09,84.5,7.19,53.733,41.03,34926.422,35.42,7.74,1.12,1.12,0.405,0.49,0.282,1.17,0.378,-4.5,38.21917,-122.96333
6/16/2019,15:48:06,12.702,101.1,84.8,7.21,53.704,41.09,34907.5,35.4,7.74,1.19,1.19,0.293,0.37,0.148,0.64,0.363,-4.9,38.21915,-122.96337
6/16/2019,15:48:11,12.855,101.09,85.3,7.23,53.664,41.209,34881.586,35.38,7.74,1.21,1.21,0.396,0.48,0.211,0.89,0.352,-4.8,38.21912,-122.96343
6/16/2019,15:48:16,13.044,101.09,85.8,7.25,53.582,41.345,34828.031,35.33,7.74,1.28,1.28,0.405,0.48,0.28,1.16,0.359,-4.9,38.21909,-122.9635
6/16/2019,15:48:21,12.919,101.09,86,7.28,53.658,41.272,34877.555,35.38,7.74,1.21,1.21,0.443,0.52,0.18,0.76,0.344,-5,38.21906,-122.96356
6/16/2019,15:48:26,13.051,101.09,86.4,7.3,53.586,41.356,34830.715,35.33,7.74,1.35,1.35,0.339,0.42,0.167,0.71,0.343,-4.4,38.21903,-122.96362
6/16/2019,15:48:31,12.576,101.09,85.9,7.33,53.695,40.953,34901.691,35.39,7.74,1.87,1.87,0.258,0.34,0.289,1.2,0.313,-4.1,38.21898,-122.96368
6/16/2019,15:48:36,12.588,101.09,85.5,7.3,53.421,40.752,34723.793,35.19,7.74,6.86,6.86,0.733,0.81,0.307,1.28,0.307,-3.4,38.21893,-122.96375
6/16/2019,15:48:41,12.821,101.08,85.9,7.29,53.61,41.139,34846.211,35.34,7.74,2.62,2.62,0.725,0.8,0.288,1.2,0.313,-3.5,38.21886,-122.96378
6/16/2019,15:48:46,12.928,101.08,86.3,7.32,53.627,41.241,34857.402,35.35,7.74,4.9,4.9,0.529,0.61,0.362,1.49,0.314,-3,38.2188,-122.96382
6/16/2019,15:48:51,12.904,101.08,86,7.29,53.514,41.151,34784.168,35.27,7.74,5.46,5.46,0.366,0.45,0.341,1.41,0.309,-3.1,38.21873,-122.96384
6/16/2019,15:48:56,12.614,101.08,85.5,7.29,53.311,40.699,34652.051,35.11,7.74,3.34,3.34,0.372,0.45,0.307,1.27,0.302,-3,38.21866,-122.96387
6/16/2019,15:49:01,12.775,101.09,85.6,7.28,53.573,41.057,34822.609,35.31,7.74,11.83,11.83,0.507,0.59,0.314,1.3,0.303,-2.9,38.21859,-122.96389
6/16/2019,15:49:06,12.866,101.08,85.8,7.28,53.461,41.07,34749.414,35.23,7.74,11.07,11.07,0.508,0.59,0.413,1.7,0.305,-3,38.21851,-122.96391
6/16/2019,15:49:11,12.669,101.08,85.4,7.28,53.533,40.92,34796.625,35.27,7.74,7.16,7.16,0.673,0.75,0.323,1.34,0.304,-3,38.21844,-122.96393
6/16/2019,15:49:16,12.657,101.09,85.2,7.26,53.248,40.695,34610.984,35.06,7.74,2.98,2.98,0.333,0.41,0.445,1.83,0.302,-3,38.21837,-122.96394
6/16/2019,15:49:21,12.808,101.09,85.2,7.37,52.923,40.599,34400.121,34.83,7.74,1.64,1.64,0.995,1.07,0.428,1.76,0.296,-3,38.2183,-122.96396
6/16/2019,15:49:26,12.193,101.09,84.7,7.33,52.435,39.609,34082.805,34.44,7.74,11.31,11.31,0.893,0.97,0.773,3.14,0.297,-2.9,38.21823,-122.96397
6/16/2019,15:49:31,12.229,101.1,84.7,7.29,53.157,40.191,34551.867,34.97,7.74,17.79,17.79,1.223,1.3,0.609,2.48,0.294,-2.8,38.21816,-122.964
6/16/2019,15:49:36,12.227,101.09,84.8,7.31,52.563,39.744,34166.082,34.54,7.74,8.76,8.76,0.44,0.52,0.915,3.71,0.294,-2.9,38.21809,-122.96401
6/16/2019,15:49:41,12.191,101.08,84.7,7.28,53.38,40.32,34696.758,35.14,7.74,39.26,39.26,0.799,0.88,0.53,2.17,0.305,-2.9,38.21802,-122.96402
6/16/2019,15:49:46,12.236,101.09,84.7,7.28,53.424,40.4,34725.867,35.17,7.74,3.47,3.47,0.672,0.75,0.532,2.17,0.303,-2.7,38.21796,-122.96404
6/16/2019,15:49:51,12.251,101.09,84.8,7.28,53.585,40.537,34829.945,35.29,7.74,11.03,11.03,0.633,0.71,0.354,1.46,0.302,-1.2,38.21789,-122.96404
6/16/2019,15:49:56,12.239,101.08,84.8,7.29,52.968,40.058,34429.504,34.84,7.74,1.36,1.36,0.639,0.72,0.805,3.27,0.297,-2,38.21782,-122.96404
6/16/2019,15:50:01,12.276,101.08,84.9,7.29,53.421,40.438,34723.633,35.17,7.74,3.45,3.45,0.533,0.61,0.526,2.15,0.3,-2.7,38.21775,-122.96402
6/16/2019,15:50:06,12.253,101.09,84.8,7.29,53.844,40.734,34998.613,35.48,7.74,91.3,91.3,0.457,0.54,0.531,2.17,0.297,-3.5,38.21769,-122.964
6/16/2019,15:50:11,12.222,101.09,84.7,7.28,53.166,40.191,34558.109,34.98,7.74,11.9,11.9,0.284,0.36,0.54,2.21,0.296,-4.1,38.21764,-122.96397
6/16/2019,15:50:16,12.256,101.08,84.8,7.29,53.465,40.45,34752.418,35.2,7.74,16.83,16.83,0.727,0.81,0.482,1.97,0.298,-4.6,38.21758,-122.96393
6/16/2019,15:50:21,12.302,101.09,85,7.32,52.949,40.108,34417.117,34.83,7.74,10.61,10.61,0.632,0.71,0.476,1.95,0.297,-4.9,38.21751,-122.9639
6/16/2019,15:50:26,12.307,101.09,85.1,7.3,53.012,40.161,34457.969,34.87,7.74,11.07,11.07,0.336,0.42,0.432,1.77,0.297,-5.2,38.21746,-122.96387
6/16/2019,15:50:31,12.3,101.08,85.1,7.32,53.471,40.501,34755.918,35.21,7.74,43.38,43.38,0.496,0.58,0.518,2.12,0.295,-5.5,38.2174,-122.96383
6/16/2019,15:50:36,12.345,101.09,85.2,7.33,50.623,38.388,32905.27,33.13,7.74,13.35,13.35,0.639,0.72,0.546,2.23,0.298,-5.8,38.21734,-122.9638
6/16/2019,15:50:41,12.336,101.09,85.1,7.29,53.811,40.795,34977.316,35.46,7.74,1.14,1.14,0.312,0.39,0.199,0.84,0.366,-6,38.2173,-122.96378
6/16/2019,16:04:57,12.785,101.09,88,7.46,53.694,41.167,34901.125,35.4,7.75,1.13,1.13,0.575,0.65,0.369,1.52,0.606,-2.9,38.21329,-122.96108
6/16/2019,16:05:02,12.758,101.09,87.9,7.46,53.704,41.148,34907.633,35.4,7.76,1.06,1.06,0.589,0.67,0.341,1.41,0.637,-3.6,38.2133,-122.96109
6/16/2019,16:05:07,12.751,101.08,87.8,7.46,53.709,41.144,34910.785,35.41,7.76,1.17,1.17,0.421,0.5,0.387,1.6,0.668,-4.5,38.21331,-122.96109
6/16/2019,16:05:12,12.753,101.09,87.7,7.45,53.704,41.142,34907.566,35.4,7.76,1.11,1.11,0.477,0.56,0.327,1.35,0.888,-4.5,38.21333,-122.9611
6/16/2019,16:05:17,12.734,101.09,87.6,7.44,53.711,41.127,34912.004,35.41,7.76,1.06,1.06,0.387,0.47,0.423,1.74,1.419,-4.1,38.21334,-122.96111
6/16/2019,16:05:22,12.711,101.1,87.4,7.43,53.722,41.112,34919.25,35.41,7.76,1.05,1.05,0.395,0.47,0.524,2.14,2.012,-4.4,38.21335,-122.96112
6/16/2019,16:05:27,12.655,101.09,87.1,7.41,53.733,41.069,34926.547,35.42,7.76,1.14,1.14,0.476,0.56,0.597,2.44,2.391,-4.4,38.21336,-122.96113
6/16/2019,16:05:32,12.478,101.08,86.3,7.36,53.789,40.925,34963.148,35.45,7.76,1.04,1.04,0.473,0.55,0.796,3.23,3.058,-4.7,38.21338,-122.96114
6/16/2019,16:05:37,12.295,101.1,85.2,7.3,53.883,40.808,35023.738,35.51,7.76,1.07,1.07,0.464,0.54,0.621,2.53,3.531,-5.3,38.21338,-122.96115
6/16/2019,16:05:42,12.286,101.08,84.4,7.23,53.888,40.802,35026.922,35.51,7.76,0.94,0.94,0.403,0.48,0.525,2.15,3.64,-5.8,38.21339,-122.96117
6/16/2019,16:05:47,12.309,101.09,83.9,7.19,53.864,40.808,35011.504,35.5,7.76,0.94,0.94,0.351,0.43,0.513,2.1,3.62,-5.1,38.2134,-122.96119
6/16/2019,16:05:52,12.322,101.08,83.6,7.16,53.845,40.807,34999.063,35.48,7.76,0.91,0.91,0.495,0.57,0.628,2.56,3.629,-4.3,38.21341,-122.96121
6/16/2019,16:05:57,12.313,101.08,83.5,7.15,53.861,40.809,35009.723,35.5,7.76,1.09,1.09,0.446,0.53,0.545,2.23,3.633,-3.4,38.21342,-122.96123
6/16/2019,16:06:02,12.326,101.08,83.4,7.15,53.849,40.813,35001.91,35.49,7.76,0.83,0.83,0.518,0.6,0.554,2.26,3.638,-2.6,38.21343,-122.96125
6/16/2019,16:06:07,12.345,101.1,83.4,7.14,53.854,40.837,35005.379,35.49,7.76,0.98,0.98,0.51,0.59,0.57,2.32,3.639,-2.7,38.21344,-122.96127
6/16/2019,16:06:12,12.352,101.1,83.3,7.13,53.841,40.834,34996.344,35.48,7.76,1.01,1.01,0.415,0.49,0.603,2.46,3.641,-2.9,38.21345,-122.96127
6/16/2019,16:06:17,12.314,101.09,83.3,7.13,53.874,40.821,35018.234,35.51,7.76,0.89,0.89,0.366,0.45,0.608,2.48,3.62,-2.9,38.21346,-122.96129
6/16/2019,16:06:22,12.329,101.09,83.3,7.13,53.852,40.819,35003.574,35.49,7.76,0.95,0.95,0.496,0.58,0.637,2.6,3.593,-2.8,38.21347,-122.9613
6/16/2019,16:06:27,12.334,101.09,83.3,7.13,53.845,40.821,34999.555,35.49,7.76,1.01,1.01,0.31,0.39,0.643,2.62,3.566,-3.1,38.21348,-122.9613
6/16/2019,16:06:32,12.299,101.09,83.3,7.13,53.863,40.796,35010.738,35.5,7.76,1.17,1.17,0.376,0.46,0.714,2.9,3.539,-3.1,38.2135,-122.96132
6/16/2019,16:06:37,12.221,101.09,83.2,7.13,53.923,40.767,35049.82,35.54,7.75,1.1,1.1,0.485,0.56,0.733,2.98,3.551,-3,38.21351,-122.96133
6/16/2019,16:06:42,12.23,101.09,83,7.12,53.902,40.754,35036.43,35.52,7.75,1.09,1.09,0.444,0.52,0.672,2.73,3.574,-3.3,38.21352,-122.96133
6/16/2019,16:06:47,12.232,101.09,82.8,7.1,53.885,40.744,35025.488,35.51,7.75,0.96,0.96,0.255,0.33,0.639,2.6,3.616,-3.5,38.21354,-122.96134
6/16/2019,16:06:52,12.19,101.09,82.6,7.09,53.922,40.731,35049.145,35.53,7.75,0.89,0.89,0.455,0.53,0.676,2.75,3.626,-3.6,38.21355,-122.96135
6/16/2019,16:06:57,12.207,101.09,82.5,7.08,53.882,40.716,35023.086,35.51,7.75,0.96,0.96,0.554,0.63,0.819,3.32,3.646,-4,38.21357,-122.96136
6/16/2019,16:07:02,12.299,101.09,82.3,7.06,53.787,40.736,34961.285,35.44,7.75,0.95,0.95,0.468,0.55,0.614,2.5,3.647,-4.2,38.21358,-122.96136
6/16/2019,16:07:07,12.319,101.08,82.4,7.06,53.826,40.791,34986.832,35.47,7.75,1,1,0.514,0.59,0.679,2.76,3.634,-4.1,38.2136,-122.96138
6/16/2019,16:07:12,12.356,101.08,82.8,7.09,53.807,40.812,34974.738,35.46,7.75,1.01,1.01,0.427,0.51,0.62,2.53,3.622,-4.2,38.21362,-122.9614
6/16/2019,16:07:17,12.101,101.08,82.9,7.13,54.04,40.726,35126.125,35.62,7.75,1.01,1.01,0.478,0.56,0.525,2.15,3.623,-4.2,38.21363,-122.9614
6/16/2019,16:07:22,12.049,101.1,82.7,7.12,54.038,40.671,35124.805,35.61,7.75,0.83,0.83,0.586,0.67,0.576,2.35,3.607,-3.9,38.21365,-122.96142
6/16/2019,16:07:27,12.077,101.1,82.2,7.08,53.953,40.639,35069.164,35.55,7.75,0.93,0.93,0.428,0.51,0.413,1.7,3.616,-3.9,38.21367,-122.96143
6/16/2019,16:07:32,12.097,101.09,81.9,7.05,53.923,40.631,35050.227,35.53,7.75,0.99,0.99,0.539,0.62,0.474,1.94,3.629,-4,38.21368,-122.96144
6/16/2019,16:07:37,12.135,101.09,81.7,7.02,53.933,40.68,35056.152,35.54,7.75,0.89,0.89,0.469,0.55,0.59,2.4,3.643,-3.9,38.2137,-122.96146
6/16/2019,16:07:42,12.187,101.1,81.6,7.01,53.877,40.694,35020.125,35.5,7.75,0.9,0.9,0.529,0.61,0.592,2.41,3.66,-4,38.21371,-122.96146
6/16/2019,16:07:47,12.161,101.1,81.7,7.02,53.923,40.7,35049.773,35.53,7.75,0.88,0.88,0.493,0.57,0.515,2.1,3.657,-4.2,38.21373,-122.96148
6/16/2019,16:07:52,12.146,101.09,81.8,7.03,53.928,40.689,35053.098,35.54,7.75,0.97,0.97,0.527,0.61,0.577,2.35,3.645,-4,38.21374,-122.96149
6/16/2019,16:07:57,12.218,101.08,81.8,7.02,53.841,40.697,34996.848,35.48,7.75,0.9,0.9,0.385,0.47,0.524,2.14,3.649,-3.9,38.21376,-122.9615
6/16/2019,16:08:02,12.242,101.1,81.7,7.01,53.842,40.722,34997.352,35.48,7.75,1.09,1.09,0.459,0.54,0.703,2.86,3.665,-4.1,38.21377,-122.96152
6/16/2019,16:08:07,12.293,101.09,81.9,7.02,53.806,40.748,34973.613,35.45,7.75,0.97,0.97,0.542,0.62,0.609,2.48,3.666,-4.2,38.21378,-122.96153
6/16/2019,16:08:12,12.289,101.09,82.1,7.03,53.843,40.771,34998.215,35.48,7.75,1.11,1.11,0.315,0.39,0.645,2.63,3.674,-4.5,38.2138,-122.96155
6/16/2019,16:08:17,12.369,101.09,82.3,7.05,53.787,40.805,34961.516,35.44,7.75,0.97,0.97,0.471,0.55,0.691,2.81,3.674,-4.8,38.21381,-122.96156
6/16/2019,16:08:22,12.432,101.08,82.6,7.06,53.743,40.842,34932.996,35.41,7.75,0.98,0.98,0.401,0.48,0.516,2.11,3.671,-5.1,38.21382,-122.96158
6/16/2019,16:08:27,12.418,101.09,82.9,7.09,53.78,40.856,34956.805,35.44,7.75,1.08,1.08,0.61,0.69,0.715,2.9,3.675,-5,38.21384,-122.96159
6/16/2019,16:08:32,12.418,101.09,83.3,7.12,53.797,40.868,34967.977,35.45,7.75,1.04,1.04,0.585,0.66,0.586,2.39,3.693,-5,38.21386,-122.96161
6/16/2019,16:08:37,12.433,101.1,83.5,7.13,53.807,40.891,34974.23,35.46,7.75,1.02,1.02,0.346,0.43,0.624,2.54,3.12,-5.4,38.21387,-122.96162
6/16/2019,16:08:42,12.599,101.09,84.2,7.17,53.741,41.012,34931.754,35.42,7.75,1.01,1.01,0.499,0.58,0.684,2.78,1.867,-5.4,38.21388,-122.96164
6/16/2019,16:08:47,12.689,101.08,85.1,7.24,53.705,41.076,34908.012,35.4,7.76,1.17,1.17,0.389,0.47,0.528,2.16,0.994,-5.4,38.2139,-122.96165
6/16/2019,16:08:52,12.822,101.09,86,7.29,53.672,41.187,34886.598,35.38,7.76,1.17,1.17,0.373,0.45,0.449,1.84,0.495,-5.6,38.21391,-122.96167
6/16/2019,16:08:57,12.819,101.09,86.7,7.35,53.682,41.193,34893.391,35.39,7.76,1.16,1.16,0.44,0.52,0.444,1.82,0.525,-5,38.21392,-122.96169
6/16/2019,16:09:02,12.787,101.09,87,7.39,53.693,41.168,34900.41,35.4,7.76,1.06,1.06,0.242,0.32,0.564,2.3,0.528,-5,38.21394,-122.9617
6/16/2019,16:09:07,12.768,101.09,87.2,7.4,53.703,41.156,34907.18,35.4,7.77,1.23,1.23,0.55,0.63,0.435,1.79,0.528,-4.9,38.21396,-122.96172
6/16/2019,16:09:12,12.778,101.09,87.4,7.42,53.701,41.165,34905.805,35.4,7.77,1.13,1.13,0.485,0.56,0.474,1.94,0.529,-5.2,38.21397,-122.96173
6/16/2019,16:09:17,12.826,101.09,87.6,7.43,53.683,41.199,34893.914,35.39,7.77,1.13,1.13,0.455,0.53,0.475,1.95,0.533,-5.2,38.21399,-122.96175
6/16/2019,16:17:34,12.828,101.09,86.8,7.36,53.632,41.163,34860.512,35.35,7.74,1.12,1.12,0.428,0.51,0.738,3,3.051,-3.3,38.20938,-122.95518
6/16/2019,16:17:39,12.808,101.09,86.5,7.34,53.641,41.15,34866.805,35.36,7.74,2.46,2.46,0.275,0.35,0.818,3.32,2.88,-3.4,38.20939,-122.9552
6/16/2019,16:17:44,12.829,101.07,86.3,7.32,53.635,41.167,34862.688,35.35,7.75,1.22,1.22,0.422,0.5,0.779,3.16,2.919,-3,38.20941,-122.95522
6/16/2019,16:17:49,12.964,101.08,86.6,7.33,53.603,41.273,34841.684,35.34,7.75,1.19,1.19,0.434,0.51,0.78,3.16,1.594,-3.2,38.20942,-122.95523
6/16/2019,16:17:54,13.129,101.08,87,7.34,53.521,41.386,34788.457,35.28,7.76,1.4,1.4,0.358,0.44,0.755,3.07,1.437,-3,38.20943,-122.95524
6/16/2019,16:17:59,13.301,101.09,87.5,7.36,53.44,41.499,34736.289,35.23,7.77,1.21,1.21,0.346,0.43,0.825,3.34,1.78,-2.8,38.20944,-122.95525
6/16/2019,16:18:04,13.14,101.08,87.6,7.38,53.549,41.424,34807,35.31,7.77,1.19,1.19,0.517,0.6,0.855,3.47,1.957,-2.7,38.20946,-122.95527
6/16/2019,16:18:09,13.027,101.07,87.3,7.38,53.572,41.321,34822.09,35.32,7.77,1.16,1.16,0.495,0.57,0.916,3.71,1.963,-2.2,38.20947,-122.95528
6/16/2019,16:18:14,13.018,101.08,87.2,7.37,53.571,41.313,34821.207,35.32,7.77,1.09,1.09,0.501,0.58,0.8,3.25,2.039,-1.5,38.20948,-122.95531
6/16/2019,16:18:19,12.967,101.08,86.9,7.35,53.602,41.282,34841.215,35.34,7.77,1.17,1.17,0.444,0.52,0.824,3.34,2.073,-1.6,38.2095,-122.95531
6/16/2019,16:18:24,12.984,101.09,86.8,7.34,53.582,41.284,34828.137,35.32,7.77,1.35,1.35,0.518,0.6,0.758,3.08,2.399,-1.1,38.20951,-122.95533
6/16/2019,16:18:29,13.016,101.09,87,7.35,53.564,41.301,34816.828,35.31,7.77,1.16,1.16,0.357,0.44,0.859,3.48,2.458,-0.7,38.20952,-122.95535
6/16/2019,16:18:34,12.985,101.08,86.7,7.33,53.592,41.294,34834.965,35.33,7.77,1.14,1.14,0.44,0.52,0.866,3.51,2.477,-0.4,38.20954,-122.95536
6/16/2019,16:18:39,12.991,101.08,86.7,7.33,53.578,41.288,34825.543,35.32,7.78,1.13,1.13,0.314,0.39,0.806,3.27,2.151,-0.5,38.20955,-122.95538
6/16/2019,16:18:44,13.059,101.09,86.9,7.34,53.545,41.333,34804.477,35.3,7.78,1.12,1.12,0.429,0.51,0.899,3.64,1.739,-0.3,38.20956,-122.9554
6/16/2019,16:18:49,13.087,101.08,87,7.34,53.548,41.363,34806.219,35.3,7.78,1.3,1.3,0.408,0.49,0.71,2.89,1.347,-0.4,38.20958,-122.95541
6/16/2019,16:18:54,13.468,101.09,88,7.38,53.339,41.584,34670.637,35.16,7.78,1.32,1.32,0.368,0.45,0.74,3.01,0.8,-0.7,38.20959,-122.95543
6/16/2019,16:25:20,14.038,101.09,93,7.71,53.154,42.023,34550.328,35.05,7.72,1.48,1.48,0.375,0.46,1.085,4.39,0.752,-5.8,38.20617,-122.94992
6/16/2019,16:25:25,14.041,101.08,91.5,7.58,53.143,42.026,34543.199,35.04,7.74,1.62,1.62,0.499,0.58,1.204,4.86,1.048,-5.6,38.20619,-122.94993
6/16/2019,16:25:30,13.662,101.09,90,7.52,53.302,41.759,34646.023,35.14,7.76,1.54,1.54,0.451,0.53,1.216,4.91,1.87,-5.6,38.20621,-122.94993
6/16/2019,16:25:35,13.52,101.09,88.7,7.42,53.338,41.659,34669.578,35.17,7.76,1.51,1.51,0.389,0.47,1.065,4.31,2.626,-5.2,38.20622,-122.94994
6/16/2019,16:25:40,13.173,101.08,87.3,7.35,53.502,41.416,34776.219,35.27,7.77,1.48,1.48,0.613,0.69,0.915,3.71,3.445,-5.1,38.20624,-122.94994
6/16/2019,16:25:45,13.072,101.09,86.3,7.29,53.53,41.334,34794.527,35.29,7.77,1.29,1.29,0.51,0.59,0.823,3.34,3.528,-4.7,38.20626,-122.94995
6/16/2019,16:25:50,12.994,101.09,85.4,7.22,53.552,41.275,34809.117,35.3,7.77,1.26,1.26,0.537,0.62,1.036,4.19,3.558,-4,38.20627,-122.94997
6/16/2019,16:25:55,12.933,101.08,84.8,7.18,53.578,41.229,34825.789,35.32,7.78,1.24,1.24,0.466,0.55,0.9,3.65,3.658,-3.8,38.20628,-122.94997
6/16/2019,16:26:00,12.819,101.09,84.2,7.14,53.62,41.148,34852.832,35.34,7.78,1.13,1.13,0.363,0.44,0.918,3.72,3.755,-2.9,38.2063,-122.94998
6/16/2019,16:26:05,12.785,101.09,83.9,7.12,53.631,41.119,34860.156,35.35,7.78,1.16,1.16,0.446,0.53,0.965,3.9,3.798,-3,38.20631,-122.94999
6/16/2019,16:26:10,12.804,101.09,83.6,7.1,53.63,41.135,34859.609,35.35,7.78,1.25,1.25,0.408,0.49,0.839,3.4,3.842,-3.1,38.20632,-122.95
6/16/2019,16:26:15,12.797,101.09,83.5,7.09,53.621,41.123,34853.637,35.34,7.78,1.22,1.22,0.281,0.36,0.864,3.5,3.899,-3.8,38.20633,-122.95
6/16/2019,16:26:20,12.779,101.09,83.3,7.07,53.632,41.113,34861.047,35.35,7.78,1.14,1.14,0.328,0.41,0.741,3.01,3.93,-4.1,38.20634,-122.95001
6/16/2019,16:26:25,12.769,101.09,83.2,7.07,53.636,41.106,34863.281,35.35,7.77,1.22,1.22,0.282,0.36,0.793,3.22,3.814,-4,38.20635,-122.95003
6/16/2019,16:26:30,12.785,101.09,83.2,7.06,53.618,41.108,34851.512,35.34,7.77,1.34,1.34,0.383,0.46,0.752,3.05,3.008,-4,38.20636,-122.95004
6/16/2019,16:26:35,12.884,101.08,83.3,7.06,53.535,41.145,34797.57,35.28,7.77,1.24,1.24,0.373,0.45,0.868,3.52,2.807,-3.6,38.20636,-122.95005
6/16/2019,16:26:40,12.973,101.08,83.7,7.08,53.542,41.242,34802.27,35.29,7.78,1.19,1.19,0.43,0.51,0.891,3.61,2.237,-2.9,38.20637,-122.95006
6/16/2019,16:26:45,13.008,101.09,83.9,7.09,53.529,41.268,34793.547,35.28,7.78,1.14,1.14,0.375,0.45,0.763,3.1,1.83,-2.6,38.20638,-122.95007
6/16/2019,16:26:50,13.441,101.08,85.4,7.18,53.206,41.429,34583.988,35.06,7.78,1.6,1.6,0.471,0.55,1.044,4.22,0.984,-2.4,38.20639,-122.95008
6/16/2019,16:26:55,13.693,101.09,85.9,7.17,53.286,41.778,34636.063,35.13,7.78,1.54,1.54,0.499,0.58,0.893,3.62,0.82,-2.4,38.2064,-122.95009
6/16/2019,16:39:51,13.503,101.09,87.7,7.34,53.4,41.674,34709.723,35.21,7.8,1.62,1.62,0.492,0.57,0.927,3.75,3.787,-3.8,38.19496,-122.94632
6/16/2019,16:39:56,13.301,101.09,87,7.31,53.509,41.554,34780.777,35.28,7.79,1.41,1.41,0.373,0.45,0.732,2.97,3.824,-4.4,38.19497,-122.9463
6/16/2019,16:40:01,13.301,101.1,86.6,7.28,53.498,41.544,34773.906,35.27,7.79,1.45,1.45,0.414,0.49,0.798,3.24,3.83,-4.5,38.19497,-122.9463
6/16/2019,16:40:06,13.248,101.09,86.2,7.25,53.515,41.503,34784.629,35.28,7.79,2.12,2.12,0.28,0.36,0.705,2.87,3.856,-4.4,38.19497,-122.94629
6/16/2019,16:40:11,13.358,101.09,86.2,7.24,53.462,41.573,34750.184,35.25,7.79,1.42,1.42,0.248,0.33,0.892,3.61,3.87,-4.3,38.19497,-122.94627
6/16/2019,16:40:16,13.389,101.1,86,7.21,53.408,41.563,34715.121,35.21,7.79,1.48,1.48,0.463,0.54,0.787,3.19,3.87,-4.2,38.19498,-122.94626
6/16/2019,16:40:21,13.153,101.1,85.8,7.23,53.537,41.424,34798.734,35.3,7.79,1.45,1.45,0.437,0.52,0.664,2.7,3.846,-4.3,38.19498,-122.94624
6/16/2019,16:40:26,13.161,101.1,85.4,7.2,53.526,41.422,34791.672,35.29,7.79,1.61,1.61,0.442,0.52,0.749,3.04,3.825,-4.3,38.19498,-122.94623
6/16/2019,16:40:31,13.206,101.1,85.3,7.18,53.5,41.448,34775.016,35.27,7.79,1.5,1.5,0.403,0.48,0.798,3.24,3.82,-4.4,38.19498,-122.94621
6/16/2019,16:40:36,13.214,101.1,85.3,7.18,53.507,41.462,34779.648,35.28,7.79,1.43,1.43,0.364,0.44,0.77,3.13,3.811,-4.4,38.19498,-122.9462
6/16/2019,16:40:41,13.228,101.09,85.2,7.17,53.51,41.478,34781.211,35.28,7.79,1.53,1.53,0.379,0.46,0.848,3.44,3.819,-4.6,38.19498,-122.94618
6/16/2019,16:40:46,13.207,101.09,85.1,7.17,53.498,41.447,34773.664,35.27,7.79,1.39,1.39,0.406,0.49,0.72,2.93,3.799,-4.4,38.19498,-122.94617
6/16/2019,16:40:51,13.239,101.08,85.2,7.17,53.483,41.469,34764.109,35.26,7.79,1.51,1.51,0.62,0.7,0.843,3.42,3.769,-4.4,38.19498,-122.94615
6/16/2019,16:40:56,13.26,101.1,85.2,7.17,53.481,41.488,34762.738,35.26,7.79,1.39,1.39,0.307,0.39,0.905,3.67,3.661,-4.4,38.19498,-122.94613
6/16/2019,16:41:01,13.296,101.1,85.3,7.17,53.452,41.503,34744.07,35.24,7.79,1.56,1.56,0.408,0.49,0.786,3.19,3.589,-4.5,38.19499,-122.94611
6/16/2019,16:41:06,13.305,101.1,85.4,7.18,53.464,41.522,34751.445,35.25,7.79,1.55,1.55,0.434,0.51,0.95,3.84,3.619,-4.5,38.19499,-122.94609
6/16/2019,16:41:11,13.267,101.09,85.4,7.18,53.485,41.499,34765.371,35.26,7.78,1.56,1.56,0.419,0.5,0.887,3.59,3.685,-4.3,38.195,-122.94608
6/16/2019,16:41:16,13.332,101.09,85.5,7.18,53.457,41.544,34747.023,35.24,7.78,1.36,1.36,0.399,0.48,0.884,3.58,3.755,-3.8,38.19501,-122.94606
6/16/2019,16:41:21,13.264,101.1,85.4,7.18,53.482,41.494,34763.293,35.26,7.78,1.57,1.57,0.512,0.59,0.741,3.01,3.761,-4,38.19501,-122.94605
6/16/2019,16:41:26,13.269,101.1,85.3,7.18,53.482,41.499,34763.547,35.26,7.78,1.58,1.58,0.388,0.47,0.682,2.77,3.732,-4.2,38.19503,-122.94604
6/16/2019,16:41:31,13.349,101.1,85.5,7.18,53.441,41.543,34736.457,35.23,7.78,1.42,1.42,0.376,0.46,0.868,3.52,3.719,-4.4,38.19503,-122.94602
6/16/2019,16:41:36,13.374,101.09,85.7,7.19,53.435,41.573,34732.996,35.23,7.78,1.59,1.59,0.505,0.58,0.894,3.62,3.709,-4.7,38.19505,-122.94601
6/16/2019,16:41:41,13.382,101.1,85.8,7.2,53.427,41.571,34727.324,35.22,7.78,1.53,1.53,0.359,0.44,0.841,3.41,3.683,-4.8,38.19506,-122.94599
6/16/2019,16:41:46,13.405,101.09,85.9,7.21,53.431,41.597,34730.152,35.23,7.78,1.59,1.59,0.477,0.56,0.925,3.75,3.646,-4.7,38.19507,-122.94598
6/16/2019,16:41:51,13.61,101.09,86.6,7.24,53.342,41.737,34672.266,35.17,7.79,1.64,1.64,0.403,0.48,1.012,4.09,3.228,-4.6,38.19508,-122.94597
6/16/2019,16:41:56,13.809,101.1,87.2,7.26,53.261,41.869,34619.477,35.12,7.79,1.52,1.52,0.5,0.58,1.281,5.17,1.944,-4.6,38.1951,-122.94596
6/16/2019,16:42:01,14.09,101.1,88,7.29,53.12,42.051,34528.297,35.03,7.79,1.66,1.66,0.462,0.54,1.135,4.59,0.871,-4.7,38.19511,-122.94595
6/16/2019,16:42:06,14.084,101.09,88.3,7.31,53.127,42.051,34532.742,35.03,7.79,1.72,1.72,0.409,0.49,0.996,4.03,0.486,-4.5,38.19512,-122.94594
6/16/2019,16:42:11,14.044,101.09,88.4,7.33,53.151,42.025,34547.871,35.05,7.79,1.52,1.52,0.535,0.61,1.111,4.49,0.53,-4.3,38.19513,-122.94593
6/16/2019,16:42:16,14.012,101.09,88.4,7.33,53.177,42.017,34565.18,35.07,7.79,1.62,1.62,0.539,0.62,1.134,4.58,0.552,-5.5,38.19515,-122.94592
6/16/2019,16:42:21,14.112,101.09,88.5,7.33,53.107,42.063,34519.664,35.02,7.8,1.64,1.64,0.495,0.57,1.08,4.36,0.586,-5.1,38.19516,-122.94591
6/16/2019,16:51:46,13.254,101.08,84.5,7.11,53.427,41.437,34727.762,35.22,7.79,1.45,1.45,0.478,0.56,0.93,3.77,3.5,-4,38.19603,-122.94342
6/16/2019,16:51:51,13.325,101.09,84.4,7.09,53.378,41.475,34695.805,35.19,7.79,1.35,1.35,0.261,0.34,0.818,3.32,3.505,-3.6,38.19604,-122.94341
6/16/2019,16:51:56,13.313,101.09,84.2,7.08,53.392,41.474,34704.59,35.2,7.78,1.46,1.46,0.34,0.42,0.856,3.47,3.527,-3.8,38.19604,-122.9434
6/16/2019,16:52:01,13.317,101.09,84.1,7.07,53.384,41.471,34699.727,35.19,7.78,1.46,1.46,0.437,0.52,0.903,3.66,3.58,-3.9,38.19606,-122.9434
6/16/2019,16:52:06,13.269,101.09,84,7.07,53.411,41.444,34717.41,35.21,7.78,1.51,1.51,0.369,0.45,1.017,4.11,3.613,-4.1,38.19607,-122.94339
6/16/2019,16:52:11,13.42,101.09,84.1,7.06,53.308,41.516,34650.316,35.14,7.78,1.54,1.54,0.367,0.45,0.996,4.03,3.514,-3.8,38.19608,-122.94337
6/16/2019,16:52:16,13.517,101.09,84.5,7.08,53.293,41.605,34640.66,35.13,7.78,1.76,1.76,0.531,0.61,1.011,4.09,3.459,-3.3,38.19609,-122.94337
6/16/2019,16:52:21,13.568,101.09,84.7,7.08,53.296,41.67,34642.102,35.14,7.78,1.54,1.54,0.43,0.51,1.119,4.52,3.484,-3.2,38.19611,-122.94336
6/16/2019,16:52:26,13.555,101.09,84.9,7.1,53.286,41.638,34635.668,35.13,7.78,1.67,1.67,0.392,0.47,0.976,3.95,3.531,-3,38.19613,-122.94335
6/16/2019,16:52:31,13.593,101.08,84.8,7.09,53.282,41.675,34633.348,35.13,7.78,1.5,1.5,0.554,0.63,1.035,4.19,3.558,-2.6,38.19613,-122.94334
6/16/2019,16:52:36,13.619,101.09,85.1,7.11,53.261,41.676,34619.387,35.11,7.78,1.61,1.61,0.326,0.41,1.033,4.18,3.571,-2.7,38.19614,-122.94332
6/16/2019,16:52:41,13.796,101.09,85.4,7.11,53.203,41.817,34581.734,35.08,7.78,1.76,1.76,0.397,0.48,1.157,4.67,3.543,-3.2,38.19615,-122.94331
6/16/2019,16:52:46,13.925,101.08,85.8,7.13,53.093,41.863,34510.5,35,7.78,1.8,1.8,0.361,0.44,1.194,4.82,3.549,-3.5,38.19616,-122.9433
6/16/2019,16:52:51,13.992,101.09,86.3,7.16,53.083,41.923,34504.242,34.99,7.79,1.63,1.63,0.364,0.44,1.261,5.09,3.611,-3.9,38.19616,-122.94328
6/16/2019,16:52:56,14.072,101.09,86.6,7.18,53.096,42.003,34512.23,35.01,7.79,1.69,1.69,0.51,0.59,1.186,4.79,3.633,-3.4,38.19617,-122.94327
6/16/2019,16:53:01,14.08,101.09,86.8,7.19,53.09,42.018,34508.688,35,7.79,1.9,1.9,0.411,0.49,1.237,4.99,3.6,-3.2,38.19617,-122.94325
6/16/2019,16:53:06,14.045,101.09,86.8,7.2,53.12,42.005,34527.984,35.02,7.79,1.66,1.66,0.486,0.57,1.277,5.15,3.469,-3.2,38.19617,-122.94324
6/16/2019,16:53:11,14.046,101.09,86.8,7.2,53.109,41.999,34520.926,35.02,7.79,1.64,1.64,0.495,0.57,1.264,5.1,3.405,-3.5,38.19617,-122.94322
6/16/2019,16:53:16,14.177,101.09,87.1,7.21,53.043,42.078,34478.188,34.97,7.79,1.7,1.7,0.356,0.44,1.511,6.09,3.384,-3.7,38.19618,-122.94321
6/16/2019,16:53:21,14.215,101.1,87.3,7.22,53.044,42.118,34478.871,34.97,7.79,1.66,1.66,0.416,0.5,1.242,5.01,3.413,-4,38.19618,-122.9432
6/16/2019,16:53:26,14.107,101.09,87.2,7.22,53.096,42.053,34512.664,35.01,7.79,1.57,1.57,0.379,0.46,1.051,4.25,3.449,-4.3,38.19619,-122.94318
6/16/2019,16:53:31,14.154,101.1,86.8,7.18,53.087,42.09,34506.563,35,7.79,2.44,2.44,0.357,0.44,1.163,4.7,3.37,-4.8,38.1962,-122.94317
6/16/2019,16:53:36,14.244,101.07,86.9,7.18,53.021,42.129,34463.922,34.96,7.79,4.09,4.09,0.569,0.65,1.306,5.27,3.343,-4.4,38.1962,-122.94316
6/16/2019,16:53:41,14.242,101.09,87.3,7.21,53.024,42.129,34465.754,34.96,7.79,2.52,2.52,0.538,0.62,1.289,5.2,3.508,-4.4,38.19621,-122.94315
6/16/2019,16:53:46,14.234,101.09,87.3,7.21,53.025,42.122,34466.063,34.96,7.79,3.77,3.77,0.498,0.58,1.368,5.52,3.552,-4.5,38.19621,-122.94315
6/16/2019,16:53:51,14.234,101.09,87.2,7.2,53.03,42.125,34469.184,34.96,7.79,7.89,7.89,0.438,0.52,1.536,6.19,3.388,-4.5,38.19621,-122.94316
6/16/2019,16:53:56,14.184,101.11,87.2,7.22,53.068,42.105,34494.512,34.99,7.79,1.97,1.97,0.36,0.44,1.262,5.09,1.768,-5,38.19621,-122.94316
6/16/2019,16:54:01,15.31,101.11,90.6,7.34,52.617,42.874,34201.188,34.69,7.81,2.09,2.09,0.485,0.56,2.158,8.68,0.584,-5.7,38.1962,-122.94315
6/16/2019,16:54:06,15.435,101.1,92.3,7.46,52.564,42.961,34166.496,34.66,7.81,2.09,2.09,0.531,0.61,2.045,8.23,0.405,-5.6,38.1962,-122.94315
6/16/2019,16:54:11,15.444,101.09,93.5,7.56,52.583,42.986,34178.902,34.67,7.82,2.22,2.22,0.531,0.61,2.066,8.31,0.414,-1.3,38.19619,-122.94314
6/16/2019,16:54:16,15.443,101.09,94.2,7.61,52.592,42.992,34184.84,34.68,7.82,2.07,2.07,0.634,0.71,2.032,8.18,0.415,-0.3,38.19619,-122.94313
6/16/2019,16:54:21,15.44,101.1,94.6,7.65,52.6,42.995,34189.734,34.68,7.82,2.08,2.08,0.592,0.67,2.127,8.55,0.413,-0.8,38.1962,-122.94312
6/16/2019,16:54:26,15.386,101.09,94.7,7.66,52.627,42.964,34207.719,34.7,7.83,1.93,1.93,0.532,0.61,1.879,7.56,0.419,0,38.19619,-122.94311
6/16/2019,16:54:31,15.383,101.1,94.8,7.67,52.621,42.955,34203.398,34.7,7.83,1.94,1.94,0.41,0.49,1.982,7.97,0.42,-0.2,38.19619,-122.9431
6/16/2019,17:15:41,15.868,101.09,99.4,7.97,52.454,43.305,34095.199,34.58,7.87,2.23,2.23,0.635,0.71,2.934,11.78,3.715,-8.1,38.18739,-122.92629
6/16/2019,17:15:46,15.858,101.08,99.2,7.96,52.462,43.302,34100.086,34.59,7.86,2.27,2.27,0.467,0.55,2.308,9.28,3.726,-8.1,38.18739,-122.92628
6/16/2019,17:15:51,15.745,101.08,98.2,7.89,52.52,43.236,34138.086,34.63,7.86,2.29,2.29,0.481,0.56,2.164,8.7,3.726,-8.9,38.18739,-122.92627
6/16/2019,17:15:56,15.622,101.09,96.1,7.74,52.522,43.122,34139.105,34.63,7.86,2.35,2.35,0.38,0.46,1.774,7.14,3.766,-9.1,38.18739,-122.92626
6/16/2019,17:16:01,15.455,101.08,94,7.6,52.621,43.028,34203.609,34.7,7.85,2.28,2.28,0.372,0.45,1.696,6.83,3.786,-9.3,38.18738,-122.92625
6/16/2019,17:16:06,15.406,101.08,92.7,7.5,52.567,42.935,34168.703,34.66,7.85,2.35,2.35,0.398,0.48,1.597,6.44,3.781,-9.2,38.18738,-122.92625
6/16/2019,17:16:11,15.416,101.08,91.8,7.43,52.521,42.907,34138.43,34.62,7.85,2.29,2.29,0.337,0.42,1.724,6.94,3.753,-8.9,38.18738,-122.92624
6/16/2019,17:16:16,15.407,101.08,91.3,7.39,52.514,42.892,34133.922,34.62,7.84,2.37,2.37,0.445,0.52,1.629,6.56,3.765,-8.9,38.18738,-122.92622
6/16/2019,17:16:21,15.412,101.07,91,7.37,52.511,42.894,34131.934,34.61,7.84,2.3,2.3,0.458,0.54,1.699,6.84,3.774,-8.5,38.18737,-122.92622
6/16/2019,17:16:26,15.438,101.08,91,7.36,52.492,42.905,34119.809,34.6,7.84,2.43,2.43,0.47,0.55,1.613,6.5,3.781,-7.9,38.18737,-122.92621
6/16/2019,17:16:31,15.456,101.07,91,7.35,52.492,42.923,34120.004,34.6,7.84,2.39,2.39,0.276,0.36,1.711,6.89,3.785,-7.7,38.18737,-122.9262
6/16/2019,17:16:36,15.474,101.08,90.9,7.35,52.482,42.932,34113.043,34.59,7.84,2.35,2.35,0.448,0.53,1.68,6.76,3.796,-7.9,38.18737,-122.92619
6/16/2019,17:16:41,15.475,101.08,91,7.36,52.491,42.941,34118.957,34.6,7.84,2.41,2.41,0.361,0.44,1.789,7.2,3.816,-8,38.18737,-122.92619
6/16/2019,17:16:46,15.568,101.07,91.7,7.4,52.47,43.016,34105.285,34.59,7.84,2.38,2.38,0.472,0.55,1.861,7.49,3.823,-8.6,38.18737,-122.92618
6/16/2019,17:16:51,15.562,101.08,91.9,7.41,52.501,43.037,34125.785,34.61,7.84,2.28,2.28,0.423,0.5,1.754,7.06,3.832,-8.6,38.18736,-122.92618
6/16/2019,17:16:56,15.528,101.07,91.9,7.42,52.52,43.018,34138.25,34.62,7.84,2.2,2.2,0.417,0.5,1.721,6.93,3.835,-7.4,38.18736,-122.92617
6/16/2019,17:17:01,15.531,101.07,92.1,7.43,52.519,43.021,34137.609,34.62,7.84,2.18,2.18,0.347,0.43,1.704,6.86,3.834,-7.4,38.18736,-122.92616
6/16/2019,17:17:06,15.631,101.08,92.3,7.44,52.469,43.071,34104.949,34.59,7.84,2.37,2.37,0.409,0.49,1.889,7.6,3.813,-6.9,38.18737,-122.92615
6/16/2019,17:17:11,15.804,101.08,93.6,7.52,52.43,43.217,34079.559,34.56,7.85,2.21,2.21,0.409,0.49,2.063,8.3,3.719,-6.9,38.18736,-122.92613
6/16/2019,17:17:16,15.883,101.09,95.6,7.66,52.451,43.318,34093.359,34.58,7.86,2.28,2.28,0.735,0.81,2.929,11.76,2.935,-7,38.18737,-122.92612
6/16/2019,17:17:21,15.936,101.09,97.8,7.83,52.44,43.36,34085.832,34.57,7.86,2.24,2.24,0.555,0.63,2.947,11.83,1.564,-5.9,38.18736,-122.9261
6/16/2019,17:17:26,15.942,101.1,99,7.93,52.44,43.367,34085.996,34.57,7.86,2.38,2.38,0.549,0.63,3.153,12.66,1.081,-5.7,38.18736,-122.92609
6/16/2019,17:17:31,15.942,101.09,99.7,7.98,52.439,43.366,34085.316,34.57,7.86,2.41,2.41,0.638,0.72,3.241,13.01,1.081,-5.8,38.18736,-122.92608
6/16/2019,17:17:36,15.945,101.09,100.2,8.02,52.441,43.371,34086.969,34.58,7.87,2.36,2.36,0.602,0.68,3.454,13.86,0.718,-6.1,38.18736,-122.92607
6/16/2019,17:17:41,15.947,101.1,100.5,8.05,52.445,43.377,34088.977,34.58,7.87,2.3,2.3,0.601,0.68,3.325,13.35,0.713,-5.7,38.18736,-122.92606
6/16/2019,17:17:46,15.952,101.09,100.7,8.07,52.441,43.378,34086.492,34.58,7.87,2.28,2.28,0.673,0.75,3.44,13.8,0.672,-5.6,38.18736,-122.92605
6/16/2019,17:17:51,15.951,101.08,100.9,8.07,52.442,43.378,34086.977,34.58,7.87,2.41,2.41,0.699,0.78,3.169,12.72,0.647,-5.2,38.18735,-122.92603
6/16/2019,17:17:56,15.954,101.09,101,8.09,52.44,43.38,34085.957,34.58,7.87,2.37,2.37,0.483,0.56,3.674,14.74,0.611,-5.3,38.18736,-122.92602
6/16/2019,17:18:01,15.995,101.07,101.4,8.11,52.433,43.415,34081.293,34.57,7.88,2.4,2.4,0.692,0.77,3.786,15.19,0.614,-5.7,38.18735,-122.92601
6/16/2019,17:18:06,16.072,101.08,102.2,8.16,52.417,43.479,34071.234,34.56,7.88,2.56,2.56,0.644,0.72,3.812,15.29,0.627,-2.4,38.18734,-122.92599
6/16/2019,17:18:11,16.08,101.07,102.7,8.2,52.418,43.487,34071.5,34.56,7.88,2.53,2.53,0.545,0.62,4.055,16.27,0.593,-1.7,38.18734,-122.92596
6/16/2019,17:18:16,16.097,101.08,103.3,8.25,52.417,43.503,34070.941,34.56,7.89,2.64,2.64,0.576,0.66,4.141,16.61,0.614,-1.7,38.18734,-122.92595
6/16/2019,17:18:21,16.122,101.07,103.8,8.28,52.415,43.526,34069.461,34.56,7.89,2.58,2.58,0.684,0.76,4.493,18.02,0.582,-1.2,38.18734,-122.92593
6/16/2019,17:18:26,16.132,101.07,104.2,8.31,52.403,43.528,34062.246,34.55,7.89,2.57,2.57,0.618,0.7,4.455,17.87,0.614,-0.8,38.18734,-122.92592
6/16/2019,17:18:31,16.153,101.08,104.5,8.33,52.403,43.548,34062.16,34.55,7.89,2.72,2.72,0.648,0.73,4.493,18.02,0.593,-0.3,38.18734,-122.9259
6/16/2019,17:18:36,16.168,101.07,104.7,8.35,52.406,43.565,34063.977,34.55,7.89,2.81,2.81,0.619,0.7,4.627,18.55,0.477,0,38.18733,-122.92588
6/16/2019,17:18:41,16.19,101.07,105,8.37,52.396,43.579,34057.438,34.55,7.9,2.71,2.71,0.618,0.7,4.752,19.05,0.448,-0.4,38.18734,-122.92584
6/16/2019,17:18:46,16.219,101.08,105.4,8.4,52.389,43.602,34052.934,34.54,7.9,2.65,2.65,0.703,0.78,4.998,20.04,0.47,-1.1,38.18736,-122.92581
6/16/2019,17:18:51,16.242,101.07,105.7,8.42,52.386,43.623,34051.074,34.54,7.9,2.76,2.76,0.69,0.77,5.023,20.14,0.481,-1.4,38.1874,-122.9258
6/16/2019,17:18:56,16.251,101.08,106.1,8.45,52.381,43.629,34047.699,34.54,7.9,2.86,2.86,0.744,0.82,4.898,19.64,0.51,-1.3,38.18744,-122.9258
6/16/2019,17:19:01,16.259,101.07,106.3,8.46,52.379,43.635,34046.195,34.54,7.91,2.9,2.9,0.565,0.64,4.882,19.57,0.48,-2,38.18747,-122.92583
6/16/2019,17:19:06,16.247,101.06,106.4,8.47,52.379,43.623,34046.469,34.54,7.91,2.83,2.83,0.653,0.73,5.108,20.48,0.452,-2.8,38.1875,-122.92587
6/16/2019,17:19:11,16.24,101.07,106.4,8.47,52.376,43.613,34044.324,34.53,7.91,2.94,2.94,0.715,0.8,4.884,19.58,0.423,-2.7,38.18753,-122.9259
6/16/2019,17:19:16,16.208,101.07,106.2,8.46,52.387,43.59,34051.621,34.54,7.91,2.98,2.98,0.575,0.65,4.84,19.41,0.398,-3.1,38.18757,-122.92596
6/16/2019,17:19:21,16.181,101.07,105.9,8.44,52.388,43.563,34051.973,34.54,7.91,2.93,2.93,0.644,0.72,4.482,17.97,0.379,-3.2,38.1876,-122.926
6/16/2019,17:19:26,16.134,101.07,105.4,8.41,52.381,43.512,34047.398,34.54,7.91,2.97,2.97,0.742,0.82,4.286,17.19,0.341,-3.3,38.18765,-122.92606
6/16/2019,17:19:31,16.086,101.08,104.8,8.36,52.392,43.471,34054.703,34.54,7.91,3.64,3.64,0.618,0.7,3.886,15.59,0.325,-2.9,38.18769,-122.92612
6/16/2019,17:19:36,16.005,101.06,103.9,8.31,52.242,43.274,33957.449,34.43,7.9,2.68,2.68,0.667,0.75,3.012,12.09,0.32,-3.1,38.18775,-122.92618
6/16/2019,17:19:41,15.953,101.07,102.5,8.21,52.368,43.319,34039.164,34.52,7.9,3.18,3.18,0.457,0.54,2.689,10.8,0.322,-3.2,38.18781,-122.92623
6/16/2019,17:19:46,15.96,101.07,101.6,8.13,52.403,43.356,34062.18,34.55,7.9,3.08,3.08,0.47,0.55,2.868,11.52,0.315,-3.4,38.18786,-122.92628
6/16/2019,17:19:51,15.952,101.08,101.6,8.14,52.153,43.14,33899.211,34.36,7.9,2.77,2.77,0.526,0.61,3.135,12.59,0.32,-3.7,38.18792,-122.92634
6/16/2019,17:19:56,15.928,101.07,101.5,8.13,52.41,43.328,34066.332,34.55,7.9,5.02,5.02,0.461,0.54,2.936,11.79,0.324,-3.5,38.18798,-122.9264
6/16/2019,17:20:01,15.922,101.07,101.3,8.12,52.362,43.283,34035.457,34.52,7.9,3.26,3.26,0.462,0.54,3.108,12.48,0.319,-3.5,38.18804,-122.92645
6/16/2019,17:20:06,15.933,101.07,101.4,8.12,52.409,43.334,34066.125,34.55,7.9,4.26,4.26,0.58,0.66,3.177,12.75,0.319,-4,38.1881,-122.92651
6/16/2019,17:20:11,15.929,101.08,101.3,8.12,52.358,43.287,34032.902,34.51,7.9,6.86,6.86,0.425,0.5,2.905,11.66,0.321,-4.4,38.18815,-122.92657
6/16/2019,17:20:16,15.925,101.07,101.1,8.1,52.202,43.155,33931.406,34.4,7.9,3.3,3.3,0.494,0.57,2.747,11.03,0.309,-4.1,38.18821,-122.92664
6/16/2019,17:20:21,15.911,101.07,100.9,8.09,51.558,42.608,33512.965,33.93,7.9,3.5,3.5,0.741,0.82,2.608,10.48,0.317,-4,38.18826,-122.9267
6/16/2019,17:20:26,15.9,101.07,100.5,8.06,52.343,43.246,34023.223,34.5,7.89,3.86,3.86,0.371,0.45,2.517,10.12,0.323,-3.6,38.18831,-122.92677
6/16/2019,17:20:31,15.888,101.07,100.3,8.04,52.327,43.22,34012.469,34.49,7.89,3.02,3.02,0.499,0.58,2.557,10.28,0.324,-3.4,38.18836,-122.92683
6/16/2019,17:20:36,15.889,101.07,100.4,8.05,52.398,43.28,34058.953,34.54,7.9,2.88,2.88,0.549,0.63,2.705,10.86,0.327,-3,38.1884,-122.92689
6/16/2019,17:20:41,15.883,101.08,100.5,8.06,52.407,43.282,34064.805,34.55,7.9,2.88,2.88,0.446,0.53,2.625,10.54,0.329,-3.1,38.18845,-122.92696
6/16/2019,17:20:46,15.875,101.08,100.3,8.05,51.743,42.725,33632.77,34.06,7.89,2.82,2.82,0.501,0.58,2.444,9.82,0.324,-3.2,38.1885,-122.92702
6/16/2019,17:20:51,15.858,101.07,100,8.02,52.116,43.016,33875.461,34.33,7.89,3.23,3.23,0.52,0.6,2.426,9.75,0.33,-3.4,38.18855,-122.92708
6/16/2019,17:20:56,15.847,101.07,99.9,8.02,52.307,43.162,33999.621,34.48,7.89,3.11,3.11,0.543,0.62,2.692,10.81,0.326,-3.8,38.18859,-122.92714
6/16/2019,17:21:01,15.844,101.06,100,8.02,52.39,43.228,34053.605,34.54,7.89,3.05,3.05,0.684,0.76,2.822,11.33,0.323,-4.1,38.18865,-122.9272
6/16/2019,17:21:06,15.821,101.06,99.9,8.02,52.372,43.19,34041.539,34.52,7.89,3.8,3.8,0.572,0.65,2.931,11.77,0.32,-4,38.18869,-122.92726
6/16/2019,17:21:11,15.806,101.07,99.9,8.02,52.38,43.183,34047.234,34.53,7.89,3.83,3.83,0.516,0.6,2.603,10.46,0.325,-4,38.18874,-122.92732
6/16/2019,17:21:16,15.79,101.07,99.8,8.02,52.078,42.917,33850.457,34.3,7.89,4.3,4.3,0.545,0.62,2.986,11.99,0.324,-4.2,38.18879,-122.92739
6/16/2019,17:21:21,15.785,101.07,99.8,8.02,52.36,43.144,34033.734,34.51,7.89,4.41,4.41,0.52,0.6,2.956,11.87,0.314,-4.2,38.18884,-122.92746
6/16/2019,17:21:26,15.784,101.07,99.7,8.01,52.35,43.135,34027.773,34.51,7.89,3.53,3.53,0.495,0.57,2.876,11.55,0.32,-3.8,38.18888,-122.92752
6/16/2019,17:21:31,15.809,101.07,99.9,8.02,52.188,43.027,33922.137,34.39,7.89,4.15,4.15,0.525,0.6,2.762,11.09,0.314,-3.2,38.18892,-122.9276
6/16/2019,17:21:36,15.846,101.07,100.5,8.07,51.947,42.865,33765.801,34.21,7.9,4.23,4.23,0.646,0.73,3.168,12.72,0.313,-2.9,38.18896,-122.92767
6/16/2019,17:21:41,15.856,101.06,101,8.1,52.425,43.269,34076.309,34.56,7.9,3.53,3.53,0.615,0.69,3.324,13.34,0.318,-2.5,38.189,-122.92775
6/16/2019,17:21:46,15.859,101.07,101.4,8.13,52.305,43.173,33998.438,34.47,7.9,4.27,4.27,0.553,0.63,3.344,13.42,0.323,-2.8,38.18904,-122.92783
6/16/2019,17:21:51,15.859,101.06,101.5,8.15,52.213,43.097,33938.613,34.41,7.9,4.44,4.44,0.591,0.67,3.398,13.64,0.321,-2.6,38.18908,-122.92791
6/16/2019,17:21:56,15.863,101.07,101.6,8.15,52.262,43.141,33970.277,34.44,7.9,2.79,2.79,0.602,0.68,3.423,13.74,0.32,-1.8,38.18913,-122.92799
6/16/2019,17:22:01,15.864,101.06,101.7,8.15,52.341,43.207,34021.586,34.5,7.9,3.15,3.15,0.52,0.6,3.588,14.4,0.313,-1.4,38.18917,-122.92806
6/16/2019,17:22:06,15.863,101.06,101.7,8.17,52.08,42.991,33851.816,34.31,7.9,7.09,7.09,0.572,0.65,3.33,13.37,0.305,-1.8,38.18922,-122.92814
6/16/2019,17:22:11,15.867,101.06,101.7,8.17,52.322,43.195,34009.125,34.49,7.9,4.29,4.29,0.405,0.48,3.707,14.87,0.311,-1.8,38.18927,-122.92822
6/16/2019,17:22:16,15.861,101.06,101.7,8.17,52.025,42.945,33816.313,34.27,7.9,5.18,5.18,0.566,0.65,3.536,14.19,0.309,-2.5,38.18931,-122.92831
6/16/2019,17:22:21,15.853,101.07,101.6,8.17,51.909,42.84,33740.832,34.18,7.9,3.49,3.49,0.555,0.63,3.525,14.14,0.307,-2.8,38.18936,-122.92838
6/16/2019,17:22:26,15.852,101.06,101.6,8.16,52.204,43.083,33932.785,34.4,7.9,4.43,4.43,0.407,0.49,3.343,13.42,0.313,-2.8,38.1894,-122.92846
6/16/2019,17:22:31,15.904,101.06,101.9,8.17,52.377,43.277,34045.074,34.53,7.9,5.89,5.89,0.744,0.82,3.823,15.34,0.312,-2.1,38.18945,-122.92853
6/16/2019,17:22:36,15.939,101.07,102.3,8.2,52.114,43.095,33873.914,34.33,7.9,3.95,3.95,0.716,0.8,3.594,14.42,0.308,-2.7,38.18951,-122.92859
6/16/2019,17:22:41,15.96,101.05,102.6,8.22,52.381,43.337,34047.703,34.53,7.9,4.56,4.56,0.581,0.66,3.758,15.08,0.307,-2.8,38.18958,-122.92864
6/16/2019,17:22:46,15.974,101.06,102.9,8.24,52.268,43.257,33974.012,34.45,7.9,5.49,5.49,0.727,0.81,3.462,13.89,0.321,-1,38.18964,-122.92869
6/16/2019,17:22:51,15.985,101.06,103,8.24,52.396,43.374,34057.316,34.54,7.9,2.74,2.74,0.507,0.59,3.667,14.71,0.323,-1.5,38.1897,-122.92871
6/16/2019,17:22:56,16.001,101.06,103.2,8.26,52.253,43.271,33964.598,34.44,7.9,2.99,2.99,0.524,0.6,3.839,15.4,0.329,-1.3,38.18978,-122.9287
6/16/2019,17:23:01,16.042,101.07,103.5,8.28,51.84,42.97,33695.965,34.13,7.91,7.67,7.67,0.589,0.67,3.862,15.5,0.322,-0.9,38.18984,-122.92867
6/16/2019,17:23:06,16.047,101.05,103.7,8.29,52.347,43.394,34025.52,34.51,7.91,2.6,2.6,0.684,0.76,3.9,15.64,0.359,-0.8,38.1899,-122.92863
6/16/2019,17:23:11,16.06,101.05,103.9,8.3,52.438,43.484,34084.781,34.58,7.91,2.54,2.54,0.459,0.54,4.107,16.47,0.388,-0.8,38.18994,-122.9286
6/16/2019,17:23:16,16.063,101.06,104,8.31,52.436,43.485,34083.086,34.57,7.91,2.53,2.53,0.746,0.83,3.976,15.95,0.373,-0.4,38.18998,-122.92857
6/16/2019,17:23:21,16.063,101.06,104.1,8.32,52.439,43.488,34085.195,34.58,7.91,2.54,2.54,0.466,0.55,4.084,16.38,0.362,-0.5,38.19002,-122.92853
6/16/2019,17:23:26,16.072,101.05,104.1,8.32,52.449,43.505,34091.594,34.58,7.91,2.51,2.51,0.614,0.69,3.961,15.89,0.403,0.4,38.19006,-122.9285
6/16/2019,17:23:31,16.079,101.04,104.2,8.32,52.446,43.509,34090.047,34.58,7.91,2.5,2.5,0.682,0.76,4.341,17.41,0.489,0.9,38.19008,-122.92847
6/16/2019,17:23:36,16.08,101.05,104.2,8.32,52.447,43.511,34090.496,34.58,7.91,2.51,2.51,0.699,0.78,4.159,16.68,0.529,0.9,38.1901,-122.92844
6/16/2019,17:23:41,16.081,101.05,104.2,8.32,52.449,43.514,34091.773,34.58,7.91,2.48,2.48,0.585,0.66,4.257,17.08,0.637,0.6,38.19011,-122.92842
6/16/2019,17:23:46,16.09,101.06,104.3,8.33,52.446,43.521,34089.996,34.58,7.91,2.46,2.46,0.562,0.64,4.273,17.14,0.652,0.3,38.19012,-122.92841
6/16/2019,17:23:51,16.089,101.05,104.3,8.32,52.446,43.519,34089.977,34.58,7.91,2.68,2.68,0.643,0.72,4.485,17.99,0.96,0.1,38.19012,-122.92839
6/16/2019,17:23:56,16.042,101.07,103.9,8.31,52.457,43.48,34096.824,34.59,7.91,2.5,2.5,0.673,0.75,3.761,15.09,1.69,0.4,38.19014,-122.92837
6/16/2019,17:24:01,15.791,101.06,102.4,8.22,52.473,43.243,34107.254,34.6,7.9,2.24,2.24,0.521,0.6,2.149,8.64,3.03,0.5,38.19014,-122.92835
6/16/2019,17:24:06,15.615,101.06,99.8,8.04,52.528,43.112,34142.91,34.63,7.9,2.04,2.04,0.402,0.48,2.122,8.53,3.246,0.9,38.19014,-122.92834
6/16/2019,17:24:11,15.585,101.06,98.1,7.91,52.514,43.072,34134.164,34.62,7.89,2.27,2.27,0.381,0.46,1.718,6.92,3.248,0.9,38.19014,-122.92833
6/16/2019,17:24:16,15.526,101.06,96.9,7.81,52.538,43.031,34149.848,34.64,7.89,2.13,2.13,0.383,0.46,1.576,6.35,3.341,0.6,38.19014,-122.92831
